date,STATION,NAME,LATITUDE,LONGITUDE,ELEVATION,temperature_c,tmax_c,tmin_c,precipitation_mm,temperature_c_interp
2019-01-01,43295099999.0,"BANGALORE, IN",12.9666666,77.5833333,921.0,20.27777777777778,27.61111111111111,14.000000000000002,,20.27777777777778
2019-01-02,43295099999.0,"BANGALORE, IN",12.9666666,77.5833333,921.0,19.88888888888889,28.111111111111107,12.388888888888888,,19.88888888888889
2019-01-03,43295099999.0,"BANGALORE, IN",12.9666666,77.5833333,921.0,20.222222222222225,27.61111111111111,13.11111111111111,,20.222222222222225
2019-01-04,43295099999.0,"BANGALORE, IN",12.9666666,77.5833333,921.0,20.833333333333332,28.5,13.277777777777779,,20.833333333333332
2019-01-05,43295099999.0,"BANGALORE, IN",12.9666666,77.5833333,921.0,20.38888888888889,28.61111111111111,13.61111111111111,,20.38888888888889
2019-01-06,43295099999.0,"BANGALORE, IN",12.9666666,77.5833333,921.0,20.555555555555557,28.388888888888886,14.722222222222221,,20.555555555555557
2019-01-07,43295099999.0,"BANGALORE, IN",12.9666666,77.5833333,921.0,20.72222222222222,28.61111111111111,14.722222222222221,,20.72222222222222
2019-01-08,43295099999.0,"BANGALORE, IN",12.9666666,77.5833333,921.0,21.333333333333336,29.27777777777778,15.222222222222221,,21.333333333333336
2019-01-09,43295099999.0,"BANGALORE, IN",12.9666666,77.5833333,921.0,21.333333333333336,29.61111111111111,13.222222222222221,,21.333333333333336
2019-01-10,43295099999.0,"BANGALORE, IN",12.9666666,77.5833333,921.0,21.11111111111111,30.38888888888889,14.5,,21.11111111111111
2019-01-11,43295099999.0,"BANGALORE, IN",12.9666666,77.5833333,921.0,21.38888888888889,29.72222222222222,14.5,,21.38888888888889
2019-01-12,43295099999.0,"BANGALORE, IN",12.9666666,77.5833333,921.0,21.38888888888889,29.72222222222222,15.277777777777779,,21.38888888888889
2019-01-13,43295099999.0,"BANGALORE, IN",12.9666666,77.5833333,921.0,21.5,28.77777777777778,14.277777777777779,,21.5
2019-01-14,43295099999.0,"BANGALORE, IN",12.9666666,77.5833333,921.0,20.666666666666668,30.27777777777778,14.5,,20.666666666666668
2019-01-15,43295099999.0,"BANGALORE, IN",12.9666666,77.5833333,921.0,21.166666666666664,29.27777777777778,12.277777777777779,,21.166666666666664
2019-01-16,43295099999.0,"BANGALORE, IN",12.9666666,77.5833333,921.0,21.444444444444443,29.5,14.5,,21.444444444444443
2019-01-17,43295099999.0,"BANGALORE, IN",12.9666666,77.5833333,921.0,21.722222222222218,29.5,15.5,,21.722222222222218
2019-01-18,43295099999.0,"BANGALORE, IN",12.9666666,77.5833333,921.0,21.722222222222218,29.72222222222222,15.777777777777779,,21.722222222222218
2019-01-19,43295099999.0,"BANGALORE, IN",12.9666666,77.5833333,921.0,21.833333333333332,29.0,14.277777777777779,,21.833333333333332
2019-01-20,43295099999.0,"BANGALORE, IN",12.9666666,77.5833333,921.0,21.27777777777778,30.27777777777778,13.722222222222223,,21.27777777777778
2019-01-21,43295099999.0,"BANGALORE, IN",12.9666666,77.5833333,921.0,21.22222222222222,28.61111111111111,14.777777777777779,,21.22222222222222
2019-01-22,43295099999.0,"BANGALORE, IN",12.9666666,77.5833333,921.0,20.444444444444443,29.22222222222222,14.000000000000002,,20.444444444444443
2019-01-23,43295099999.0,"BANGALORE, IN",12.9666666,77.5833333,921.0,22.277777777777775,29.11111111111111,16.22222222222222,,22.277777777777775
2019-01-24,43295099999.0,"BANGALORE, IN",12.9666666,77.5833333,921.0,23.111111111111107,29.61111111111111,17.72222222222222,,23.111111111111107
2019-01-25,43295099999.0,"BANGALORE, IN",12.9666666,77.5833333,921.0,23.277777777777782,30.22222222222222,17.22222222222222,,23.277777777777782
2019-01-26,43295099999.0,"BANGALORE, IN",12.9666666,77.5833333,921.0,23.277777777777782,30.0,18.77777777777778,,23.277777777777782
2019-01-27,43295099999.0,"BANGALORE, IN",12.9666666,77.5833333,921.0,23.22222222222222,30.22222222222222,19.0,,23.22222222222222
2019-01-28,43295099999.0,"BANGALORE, IN",12.9666666,77.5833333,921.0,22.77777777777778,30.0,18.61111111111111,,22.77777777777778
2019-01-29,43295099999.0,"BANGALORE, IN",12.9666666,77.5833333,921.0,21.944444444444443,29.61111111111111,17.72222222222222,0.7619999999999999,21.944444444444443
2019-01-30,43295099999.0,"BANGALORE, IN",12.9666666,77.5833333,921.0,22.11111111111111,27.38888888888889,17.22222222222222,0.0,22.11111111111111
2019-01-31,43295099999.0,"BANGALORE, IN",12.9666666,77.5833333,921.0,21.722222222222218,29.38888888888889,16.38888888888889,,21.722222222222218
2019-02-01,43295099999.0,"BANGALORE, IN",12.9666666,77.5833333,921.0,21.38888888888889,28.22222222222222,15.722222222222221,,21.38888888888889
2019-02-02,43295099999.0,"BANGALORE, IN",12.9666666,77.5833333,921.0,22.444444444444446,27.77777777777778,16.27777777777778,,22.444444444444446
2019-02-03,43295099999.0,"BANGALORE, IN",12.9666666,77.5833333,921.0,22.944444444444443,29.61111111111111,16.61111111111111,,22.944444444444443
2019-02-04,43295099999.0,"BANGALORE, IN",12.9666666,77.5833333,921.0,23.61111111111111,30.0,16.77777777777778,,23.61111111111111
2019-02-05,43295099999.0,"BANGALORE, IN",12.9666666,77.5833333,921.0,23.666666666666664,30.72222222222222,18.72222222222222,,23.666666666666664
2019-02-06,43295099999.0,"BANGALORE, IN",12.9666666,77.5833333,921.0,24.27777777777778,30.0,17.77777777777778,,24.27777777777778
2019-02-07,43295099999.0,"BANGALORE, IN",12.9666666,77.5833333,921.0,24.333333333333332,31.11111111111111,18.277777777777782,,24.333333333333332
2019-02-08,43295099999.0,"BANGALORE, IN",12.9666666,77.5833333,921.0,26.38888888888889,31.77777777777778,20.38888888888889,,26.38888888888889
2019-02-09,43295099999.0,"BANGALORE, IN",12.9666666,77.5833333,921.0,23.666666666666664,32.611111111111114,20.222222222222225,57.91199999999999,23.666666666666664
2019-02-10,43295099999.0,"BANGALORE, IN",12.9666666,77.5833333,921.0,24.111111111111114,31.27777777777778,19.111111111111114,,24.111111111111114
2019-02-11,43295099999.0,"BANGALORE, IN",12.9666666,77.5833333,921.0,23.055555555555557,29.72222222222222,19.61111111111111,,23.055555555555557
2019-02-12,43295099999.0,"BANGALORE, IN",12.9666666,77.5833333,921.0,22.77777777777778,28.111111111111107,17.22222222222222,,22.77777777777778
2019-02-13,43295099999.0,"BANGALORE, IN",12.9666666,77.5833333,921.0,23.055555555555557,29.0,17.27777777777778,,23.055555555555557
2019-02-14,43295099999.0,"BANGALORE, IN",12.9666666,77.5833333,921.0,24.555555555555557,30.38888888888889,17.22222222222222,,24.555555555555557
2019-02-15,43295099999.0,"BANGALORE, IN",12.9666666,77.5833333,921.0,25.222222222222225,31.61111111111111,19.0,,25.222222222222225
2019-02-16,43295099999.0,"BANGALORE, IN",12.9666666,77.5833333,921.0,25.38888888888889,31.61111111111111,20.72222222222222,,25.38888888888889
2019-02-17,43295099999.0,"BANGALORE, IN",12.9666666,77.5833333,921.0,26.333333333333336,32.72222222222222,21.27777777777778,,26.333333333333336
2019-02-18,43295099999.0,"BANGALORE, IN",12.9666666,77.5833333,921.0,25.72222222222222,32.611111111111114,19.222222222222218,,25.72222222222222
2019-02-19,43295099999.0,"BANGALORE, IN",12.9666666,77.5833333,921.0,26.77777777777778,34.0,21.999999999999996,,26.77777777777778
2019-02-20,43295099999.0,"BANGALORE, IN",12.9666666,77.5833333,921.0,25.38888888888889,32.77777777777778,20.500000000000004,,25.38888888888889
2019-02-21,43295099999.0,"BANGALORE, IN",12.9666666,77.5833333,921.0,25.055555555555554,32.111111111111114,18.22222222222222,,25.055555555555554
2019-02-22,43295099999.0,"BANGALORE, IN",12.9666666,77.5833333,921.0,24.944444444444446,31.38888888888889,17.61111111111111,,24.944444444444446
2019-02-23,43295099999.0,"BANGALORE, IN",12.9666666,77.5833333,921.0,25.11111111111111,32.611111111111114,15.5,,25.11111111111111
2019-02-24,43295099999.0,"BANGALORE, IN",12.9666666,77.5833333,921.0,25.777777777777782,34.0,16.5,,25.777777777777782
2019-02-25,43295099999.0,"BANGALORE, IN",12.9666666,77.5833333,921.0,26.555555555555557,34.611111111111114,17.22222222222222,,26.555555555555557
2019-02-26,43295099999.0,"BANGALORE, IN",12.9666666,77.5833333,921.0,26.22222222222222,35.5,20.777777777777782,,26.22222222222222
2019-02-27,43295099999.0,"BANGALORE, IN",12.9666666,77.5833333,921.0,26.27777777777778,34.5,21.27777777777778,,26.27777777777778
2019-02-28,43295099999.0,"BANGALORE, IN",12.9666666,77.5833333,921.0,26.444444444444443,33.0,20.500000000000004,,26.444444444444443
2019-03-01,43295099999.0,"BANGALORE, IN",12.9666666,77.5833333,921.0,26.333333333333336,33.77777777777778,21.27777777777778,,26.333333333333336
2019-03-02,43295099999.0,"BANGALORE, IN",12.9666666,77.5833333,921.0,25.944444444444443,33.5,21.722222222222218,,25.944444444444443
2019-03-03,43295099999.0,"BANGALORE, IN",12.9666666,77.5833333,921.0,26.055555555555557,32.111111111111114,20.500000000000004,,26.055555555555557
2019-03-04,43295099999.0,"BANGALORE, IN",12.9666666,77.5833333,921.0,27.77777777777778,32.388888888888886,21.0,0.0,27.77777777777778
2019-03-05,43295099999.0,"BANGALORE, IN",12.9666666,77.5833333,921.0,27.83333333333333,34.27777777777778,23.111111111111107,0.0,27.83333333333333
2019-03-06,43295099999.0,"BANGALORE, IN",12.9666666,77.5833333,921.0,28.111111111111107,34.77777777777778,22.722222222222225,,28.111111111111107
2019-03-07,43295099999.0,"BANGALORE, IN",12.9666666,77.5833333,921.0,28.388888888888886,36.388888888888886,20.500000000000004,,28.388888888888886
2019-03-08,43295099999.0,"BANGALORE, IN",12.9666666,77.5833333,921.0,28.333333333333332,37.0,21.77777777777778,,28.333333333333332
2019-03-09,43295099999.0,"BANGALORE, IN",12.9666666,77.5833333,921.0,27.444444444444446,35.888888888888886,22.5,,27.444444444444446
2019-03-10,43295099999.0,"BANGALORE, IN",12.9666666,77.5833333,921.0,28.000000000000004,34.0,22.77777777777778,,28.000000000000004
2019-03-11,43295099999.0,"BANGALORE, IN",12.9666666,77.5833333,921.0,27.83333333333333,34.111111111111114,23.111111111111107,,27.83333333333333
2019-03-12,43295099999.0,"BANGALORE, IN",12.9666666,77.5833333,921.0,27.277777777777775,34.611111111111114,21.5,,27.277777777777775
2019-03-13,43295099999.0,"BANGALORE, IN",12.9666666,77.5833333,921.0,26.611111111111114,34.0,19.72222222222222,,26.611111111111114
2019-03-14,43295099999.0,"BANGALORE, IN",12.9666666,77.5833333,921.0,27.16666666666667,33.77777777777778,19.72222222222222,,27.16666666666667
2019-03-15,43295099999.0,"BANGALORE, IN",12.9666666,77.5833333,921.0,27.333333333333332,34.27777777777778,20.222222222222225,,27.333333333333332
2019-03-16,43295099999.0,"BANGALORE, IN",12.9666666,77.5833333,921.0,26.166666666666664,34.111111111111114,19.0,,26.166666666666664
2019-03-17,43295099999.0,"BANGALORE, IN",12.9666666,77.5833333,921.0,26.611111111111114,33.27777777777778,18.72222222222222,,26.611111111111114
2019-03-18,43295099999.0,"BANGALORE, IN",12.9666666,77.5833333,921.0,26.77777777777778,34.27777777777778,20.38888888888889,,26.77777777777778
2019-03-19,43295099999.0,"BANGALORE, IN",12.9666666,77.5833333,921.0,27.722222222222225,34.22222222222222,21.22222222222222,,27.722222222222225
2019-03-20,43295099999.0,"BANGALORE, IN",12.9666666,77.5833333,921.0,27.666666666666668,35.0,23.000000000000004,,27.666666666666668
2019-03-21,43295099999.0,"BANGALORE, IN",12.9666666,77.5833333,921.0,27.88888888888889,34.27777777777778,22.722222222222225,,27.88888888888889
2019-03-22,43295099999.0,"BANGALORE, IN",12.9666666,77.5833333,921.0,28.111111111111107,35.0,21.77777777777778,,28.111111111111107
2019-03-23,43295099999.0,"BANGALORE, IN",12.9666666,77.5833333,921.0,28.77777777777778,35.0,22.5,,28.77777777777778
2019-03-24,43295099999.0,"BANGALORE, IN",12.9666666,77.5833333,921.0,28.833333333333332,35.27777777777778,23.72222222222222,,28.833333333333332
2019-03-25,43295099999.0,"BANGALORE, IN",12.9666666,77.5833333,921.0,28.444444444444443,35.5,22.77777777777778,,28.444444444444443
2019-03-26,43295099999.0,"BANGALORE, IN",12.9666666,77.5833333,921.0,28.277777777777782,35.388888888888886,21.5,,28.277777777777782
2019-03-27,43295099999.0,"BANGALORE, IN",12.9666666,77.5833333,921.0,27.944444444444443,35.0,22.61111111111111,,27.944444444444443
2019-03-28,43295099999.0,"BANGALORE, IN",12.9666666,77.5833333,921.0,28.72222222222222,35.388888888888886,21.38888888888889,,28.72222222222222
2019-03-29,43295099999.0,"BANGALORE, IN",12.9666666,77.5833333,921.0,28.666666666666668,36.22222222222222,23.22222222222222,,28.666666666666668
2019-03-30,43295099999.0,"BANGALORE, IN",12.9666666,77.5833333,921.0,28.555555555555557,35.22222222222222,23.388888888888886,,28.555555555555557
2019-03-31,43295099999.0,"BANGALORE, IN",12.9666666,77.5833333,921.0,28.666666666666668,35.27777777777778,22.722222222222225,,28.666666666666668
2019-04-01,43295099999.0,"BANGALORE, IN",12.9666666,77.5833333,921.0,28.72222222222222,35.611111111111114,22.88888888888889,,28.72222222222222
2019-04-02,43295099999.0,"BANGALORE, IN",12.9666666,77.5833333,921.0,28.277777777777782,36.0,23.61111111111111,0.0,28.277777777777782
2019-04-03,43295099999.0,"BANGALORE, IN",12.9666666,77.5833333,921.0,29.0,35.0,22.61111111111111,,29.0
2019-04-04,43295099999.0,"BANGALORE, IN",12.9666666,77.5833333,921.0,28.388888888888886,36.22222222222222,23.000000000000004,,28.388888888888886
2019-04-05,43295099999.0,"BANGALORE, IN",12.9666666,77.5833333,921.0,27.722222222222225,35.22222222222222,23.000000000000004,,27.722222222222225
2019-04-06,43295099999.0,"BANGALORE, IN",12.9666666,77.5833333,921.0,28.666666666666668,35.388888888888886,23.388888888888886,,28.666666666666668
2019-04-07,43295099999.0,"BANGALORE, IN",12.9666666,77.5833333,921.0,29.5,35.388888888888886,24.0,,29.5
2019-04-08,43295099999.0,"BANGALORE, IN",12.9666666,77.5833333,921.0,28.444444444444443,36.388888888888886,24.0,2.032,28.444444444444443
2019-04-09,43295099999.0,"BANGALORE, IN",12.9666666,77.5833333,921.0,28.22222222222222,35.611111111111114,22.77777777777778,,28.22222222222222
2019-04-10,43295099999.0,"BANGALORE, IN",12.9666666,77.5833333,921.0,29.333333333333332,35.388888888888886,22.77777777777778,1.016,29.333333333333332
2019-04-11,43295099999.0,"BANGALORE, IN",12.9666666,77.5833333,921.0,29.166666666666668,36.0,24.222222222222218,0.0,29.166666666666668
2019-04-12,43295099999.0,"BANGALORE, IN",12.9666666,77.5833333,921.0,30.0,35.77777777777778,23.61111111111111,,30.0
2019-04-13,43295099999.0,"BANGALORE, IN",12.9666666,77.5833333,921.0,29.444444444444443,36.611111111111114,24.61111111111111,,29.444444444444443
2019-04-14,43295099999.0,"BANGALORE, IN",12.9666666,77.5833333,921.0,29.5,36.0,24.222222222222218,,29.5
2019-04-15,43295099999.0,"BANGALORE, IN",12.9666666,77.5833333,921.0,29.11111111111111,36.22222222222222,24.0,,29.11111111111111
2019-04-16,43295099999.0,"BANGALORE, IN",12.9666666,77.5833333,921.0,29.666666666666668,36.22222222222222,23.61111111111111,,29.666666666666668
2019-04-17,43295099999.0,"BANGALORE, IN",12.9666666,77.5833333,921.0,26.333333333333336,36.388888888888886,22.77777777777778,4.064,26.333333333333336
2019-04-18,43295099999.0,"BANGALORE, IN",12.9666666,77.5833333,921.0,27.16666666666667,36.0,21.611111111111114,6.095999999999999,27.16666666666667
2019-04-19,43295099999.0,"BANGALORE, IN",12.9666666,77.5833333,921.0,27.61111111111111,35.611111111111114,21.38888888888889,,27.61111111111111
2019-04-20,43295099999.0,"BANGALORE, IN",12.9666666,77.5833333,921.0,26.833333333333332,33.22222222222222,22.38888888888889,0.254,26.833333333333332
2019-04-21,43295099999.0,"BANGALORE, IN",12.9666666,77.5833333,921.0,27.38888888888889,34.22222222222222,21.611111111111114,0.0,27.38888888888889
2019-04-22,43295099999.0,"BANGALORE, IN",12.9666666,77.5833333,921.0,27.722222222222225,34.22222222222222,23.61111111111111,0.0,27.722222222222225
2019-04-23,43295099999.0,"BANGALORE, IN",12.9666666,77.5833333,921.0,27.88888888888889,35.0,23.22222222222222,0.0,27.88888888888889
2019-04-24,43295099999.0,"BANGALORE, IN",12.9666666,77.5833333,921.0,28.833333333333332,34.22222222222222,23.000000000000004,,28.833333333333332
2019-04-25,43295099999.0,"BANGALORE, IN",12.9666666,77.5833333,921.0,28.77777777777778,34.77777777777778,22.77777777777778,,28.77777777777778
2019-04-26,43295099999.0,"BANGALORE, IN",12.9666666,77.5833333,921.0,29.61111111111111,35.611111111111114,23.5,,29.61111111111111
2019-04-27,43295099999.0,"BANGALORE, IN",12.9666666,77.5833333,921.0,30.38888888888889,36.611111111111114,24.388888888888893,,30.38888888888889
2019-04-28,43295099999.0,"BANGALORE, IN",12.9666666,77.5833333,921.0,28.277777777777782,37.0,24.88888888888889,,28.277777777777782
2019-04-29,43295099999.0,"BANGALORE, IN",12.9666666,77.5833333,921.0,28.166666666666668,34.0,24.0,0.0,28.166666666666668
2019-04-30,43295099999.0,"BANGALORE, IN",12.9666666,77.5833333,921.0,24.166666666666668,35.0,21.22222222222222,35.05199999999999,24.166666666666668
2019-05-01,43295099999.0,"BANGALORE, IN",12.9666666,77.5833333,921.0,26.333333333333336,30.0,21.611111111111114,0.0,26.333333333333336
2019-05-02,43295099999.0,"BANGALORE, IN",12.9666666,77.5833333,921.0,26.999999999999996,31.61111111111111,21.999999999999996,,26.999999999999996
2019-05-03,43295099999.0,"BANGALORE, IN",12.9666666,77.5833333,921.0,27.11111111111111,33.388888888888886,21.38888888888889,,27.11111111111111
2019-05-04,43295099999.0,"BANGALORE, IN",12.9666666,77.5833333,921.0,27.333333333333332,33.611111111111114,21.999999999999996,,27.333333333333332
2019-05-05,43295099999.0,"BANGALORE, IN",12.9666666,77.5833333,921.0,28.555555555555557,35.0,22.38888888888889,0.0,28.555555555555557
2019-05-06,43295099999.0,"BANGALORE, IN",12.9666666,77.5833333,921.0,28.833333333333332,35.611111111111114,24.0,0.0,28.833333333333332
2019-05-07,43295099999.0,"BANGALORE, IN",12.9666666,77.5833333,921.0,25.500000000000004,36.22222222222222,20.777777777777782,0.0,25.500000000000004
2019-05-08,43295099999.0,"BANGALORE, IN",12.9666666,77.5833333,921.0,26.722222222222218,33.611111111111114,20.611111111111107,14.985999999999999,26.722222222222218
2019-05-09,43295099999.0,"BANGALORE, IN",12.9666666,77.5833333,921.0,27.88888888888889,32.611111111111114,21.999999999999996,0.0,27.88888888888889
2019-05-10,43295099999.0,"BANGALORE, IN",12.9666666,77.5833333,921.0,29.444444444444443,34.388888888888886,23.22222222222222,,29.444444444444443
2019-05-11,43295099999.0,"BANGALORE, IN",12.9666666,77.5833333,921.0,27.277777777777775,35.72222222222222,24.61111111111111,2.032,27.277777777777775
2019-05-12,43295099999.0,"BANGALORE, IN",12.9666666,77.5833333,921.0,27.77777777777778,35.22222222222222,24.388888888888893,0.0,27.77777777777778
2019-05-13,43295099999.0,"BANGALORE, IN",12.9666666,77.5833333,921.0,26.722222222222218,35.0,21.722222222222218,0.0,26.722222222222218
2019-05-14,43295099999.0,"BANGALORE, IN",12.9666666,77.5833333,921.0,27.88888888888889,35.0,21.77777777777778,0.0,27.88888888888889
2019-05-15,43295099999.0,"BANGALORE, IN",12.9666666,77.5833333,921.0,25.555555555555557,34.77777777777778,22.22222222222222,7.112,25.555555555555557
2019-05-16,43295099999.0,"BANGALORE, IN",12.9666666,77.5833333,921.0,27.11111111111111,34.611111111111114,21.27777777777778,,27.11111111111111
2019-05-17,43295099999.0,"BANGALORE, IN",12.9666666,77.5833333,921.0,24.0,33.611111111111114,21.999999999999996,17.018,24.0
2019-05-18,43295099999.0,"BANGALORE, IN",12.9666666,77.5833333,921.0,27.666666666666668,33.611111111111114,21.38888888888889,,27.666666666666668
2019-05-19,43295099999.0,"BANGALORE, IN",12.9666666,77.5833333,921.0,28.22222222222222,34.0,23.77777777777778,,28.22222222222222
2019-05-20,43295099999.0,"BANGALORE, IN",12.9666666,77.5833333,921.0,28.000000000000004,34.77777777777778,24.388888888888893,,28.000000000000004
2019-05-21,43295099999.0,"BANGALORE, IN",12.9666666,77.5833333,921.0,28.5,34.388888888888886,24.0,,28.5
2019-05-22,43295099999.0,"BANGALORE, IN",12.9666666,77.5833333,921.0,26.888888888888893,34.77777777777778,23.000000000000004,4.064,26.888888888888893
2019-05-23,43295099999.0,"BANGALORE, IN",12.9666666,77.5833333,921.0,26.5,34.611111111111114,22.61111111111111,3.0479999999999996,26.5
2019-05-24,43295099999.0,"BANGALORE, IN",12.9666666,77.5833333,921.0,26.11111111111111,34.0,22.38888888888889,1.016,26.11111111111111
2019-05-25,43295099999.0,"BANGALORE, IN",12.9666666,77.5833333,921.0,24.777777777777775,33.5,21.0,,24.777777777777775
2019-05-26,43295099999.0,"BANGALORE, IN",12.9666666,77.5833333,921.0,26.38888888888889,32.388888888888886,20.611111111111107,,26.38888888888889
2019-05-27,43295099999.0,"BANGALORE, IN",12.9666666,77.5833333,921.0,27.666666666666668,33.77777777777778,20.0,37.337999999999994,27.666666666666668
2019-05-28,43295099999.0,"BANGALORE, IN",12.9666666,77.5833333,921.0,27.5,34.22222222222222,23.77777777777778,0.0,27.5
2019-05-29,43295099999.0,"BANGALORE, IN",12.9666666,77.5833333,921.0,27.88888888888889,33.611111111111114,23.000000000000004,0.254,27.88888888888889
2019-05-30,43295099999.0,"BANGALORE, IN",12.9666666,77.5833333,921.0,27.77777777777778,34.0,23.000000000000004,0.0,27.77777777777778
2019-05-31,43295099999.0,"BANGALORE, IN",12.9666666,77.5833333,921.0,26.5,33.27777777777778,21.999999999999996,2.032,26.5
2019-06-01,43295099999.0,"BANGALORE, IN",12.9666666,77.5833333,921.0,27.5,33.22222222222222,21.0,,27.5
2019-06-02,43295099999.0,"BANGALORE, IN",12.9666666,77.5833333,921.0,26.166666666666664,33.22222222222222,22.61111111111111,7.619999999999999,26.166666666666664
2019-06-03,43295099999.0,"BANGALORE, IN",12.9666666,77.5833333,921.0,25.500000000000004,32.111111111111114,21.22222222222222,,25.500000000000004
2019-06-04,43295099999.0,"BANGALORE, IN",12.9666666,77.5833333,921.0,26.888888888888893,31.0,22.11111111111111,,26.888888888888893
2019-06-05,43295099999.0,"BANGALORE, IN",12.9666666,77.5833333,921.0,25.27777777777778,31.77777777777778,21.0,27.94,25.27777777777778
2019-06-06,43295099999.0,"BANGALORE, IN",12.9666666,77.5833333,921.0,25.833333333333332,32.388888888888886,20.611111111111107,20.32,25.833333333333332
2019-06-07,43295099999.0,"BANGALORE, IN",12.9666666,77.5833333,921.0,25.38888888888889,32.0,20.611111111111107,20.066,25.38888888888889
2019-06-08,43295099999.0,"BANGALORE, IN",12.9666666,77.5833333,921.0,26.27777777777778,31.5,22.5,0.0,26.27777777777778
2019-06-09,43295099999.0,"BANGALORE, IN",12.9666666,77.5833333,921.0,26.722222222222218,32.22222222222222,22.277777777777775,,26.722222222222218
2019-06-10,43295099999.0,"BANGALORE, IN",12.9666666,77.5833333,921.0,24.88888888888889,33.611111111111114,21.999999999999996,,24.88888888888889
2019-06-11,43295099999.0,"BANGALORE, IN",12.9666666,77.5833333,921.0,25.0,30.0,21.0,,25.0
2019-06-12,43295099999.0,"BANGALORE, IN",12.9666666,77.5833333,921.0,24.222222222222218,30.0,21.611111111111114,0.0,24.222222222222218
2019-06-13,43295099999.0,"BANGALORE, IN",12.9666666,77.5833333,921.0,24.833333333333332,29.38888888888889,21.999999999999996,0.0,24.833333333333332
2019-06-14,43295099999.0,"BANGALORE, IN",12.9666666,77.5833333,921.0,25.27777777777778,30.61111111111111,21.999999999999996,0.508,25.27777777777778
2019-06-15,43295099999.0,"BANGALORE, IN",12.9666666,77.5833333,921.0,26.5,31.0,21.22222222222222,,26.5
2019-06-16,43295099999.0,"BANGALORE, IN",12.9666666,77.5833333,921.0,26.77777777777778,31.72222222222222,21.5,,26.77777777777778
2019-06-17,43295099999.0,"BANGALORE, IN",12.9666666,77.5833333,921.0,26.5,32.22222222222222,21.611111111111114,,26.5
2019-06-18,43295099999.0,"BANGALORE, IN",12.9666666,77.5833333,921.0,25.888888888888886,32.388888888888886,22.61111111111111,0.0,25.888888888888886
2019-06-19,43295099999.0,"BANGALORE, IN",12.9666666,77.5833333,921.0,26.611111111111114,31.22222222222222,21.5,0.0,26.611111111111114
2019-06-20,43295099999.0,"BANGALORE, IN",12.9666666,77.5833333,921.0,25.72222222222222,32.27777777777778,22.22222222222222,1.27,25.72222222222222
2019-06-21,43295099999.0,"BANGALORE, IN",12.9666666,77.5833333,921.0,24.555555555555557,30.61111111111111,20.72222222222222,0.0,24.555555555555557
2019-06-22,43295099999.0,"BANGALORE, IN",12.9666666,77.5833333,921.0,25.055555555555554,29.38888888888889,21.611111111111114,0.0,25.055555555555554
2019-06-23,43295099999.0,"BANGALORE, IN",12.9666666,77.5833333,921.0,23.77777777777778,29.38888888888889,21.38888888888889,12.953999999999999,23.77777777777778
2019-06-24,43295099999.0,"BANGALORE, IN",12.9666666,77.5833333,921.0,24.499999999999996,29.38888888888889,21.0,0.254,24.499999999999996
2019-06-25,43295099999.0,"BANGALORE, IN",12.9666666,77.5833333,921.0,25.0,29.72222222222222,21.38888888888889,,25.0
2019-06-26,43295099999.0,"BANGALORE, IN",12.9666666,77.5833333,921.0,24.555555555555557,29.77777777777778,21.611111111111114,,24.555555555555557
2019-06-27,43295099999.0,"BANGALORE, IN",12.9666666,77.5833333,921.0,24.944444444444446,30.0,21.611111111111114,5.08,24.944444444444446
2019-06-28,43295099999.0,"BANGALORE, IN",12.9666666,77.5833333,921.0,25.222222222222225,31.0,21.0,,25.222222222222225
2019-06-29,43295099999.0,"BANGALORE, IN",12.9666666,77.5833333,921.0,25.11111111111111,31.22222222222222,21.0,,25.11111111111111
2019-06-30,43295099999.0,"BANGALORE, IN",12.9666666,77.5833333,921.0,24.555555555555557,30.61111111111111,21.611111111111114,0.0,24.555555555555557
2019-07-01,43295099999.0,"BANGALORE, IN",12.9666666,77.5833333,921.0,25.555555555555557,29.77777777777778,21.0,0.0,25.555555555555557
2019-07-02,43295099999.0,"BANGALORE, IN",12.9666666,77.5833333,921.0,25.500000000000004,30.5,21.5,0.0,25.500000000000004
2019-07-03,43295099999.0,"BANGALORE, IN",12.9666666,77.5833333,921.0,25.38888888888889,30.77777777777778,21.38888888888889,0.0,25.38888888888889
2019-07-04,43295099999.0,"BANGALORE, IN",12.9666666,77.5833333,921.0,24.444444444444443,30.77777777777778,21.611111111111114,1.016,24.444444444444443
2019-07-05,43295099999.0,"BANGALORE, IN",12.9666666,77.5833333,921.0,23.666666666666664,30.27777777777778,21.22222222222222,6.095999999999999,23.666666666666664
2019-07-06,43295099999.0,"BANGALORE, IN",12.9666666,77.5833333,921.0,23.833333333333336,29.0,20.72222222222222,1.016,23.833333333333336
2019-07-07,43295099999.0,"BANGALORE, IN",12.9666666,77.5833333,921.0,24.499999999999996,28.61111111111111,20.72222222222222,0.0,24.499999999999996
2019-07-08,43295099999.0,"BANGALORE, IN",12.9666666,77.5833333,921.0,24.444444444444443,29.22222222222222,20.611111111111107,0.0,24.444444444444443
2019-07-09,43295099999.0,"BANGALORE, IN",12.9666666,77.5833333,921.0,23.77777777777778,29.5,20.0,0.0,23.77777777777778
2019-07-10,43295099999.0,"BANGALORE, IN",12.9666666,77.5833333,921.0,23.22222222222222,29.61111111111111,20.611111111111107,0.0,23.22222222222222
2019-07-11,43295099999.0,"BANGALORE, IN",12.9666666,77.5833333,921.0,24.222222222222218,29.38888888888889,20.222222222222225,0.0,24.222222222222218
2019-07-12,43295099999.0,"BANGALORE, IN",12.9666666,77.5833333,921.0,25.33333333333333,31.0,20.777777777777782,,25.33333333333333
2019-07-13,43295099999.0,"BANGALORE, IN",12.9666666,77.5833333,921.0,25.166666666666668,31.22222222222222,21.0,,25.166666666666668
2019-07-14,43295099999.0,"BANGALORE, IN",12.9666666,77.5833333,921.0,24.72222222222222,30.0,21.27777777777778,1.016,24.72222222222222
2019-07-15,43295099999.0,"BANGALORE, IN",12.9666666,77.5833333,921.0,24.166666666666668,30.77777777777778,21.38888888888889,0.254,24.166666666666668
2019-07-16,43295099999.0,"BANGALORE, IN",12.9666666,77.5833333,921.0,24.777777777777775,30.38888888888889,21.0,3.0479999999999996,24.777777777777775
2019-07-17,43295099999.0,"BANGALORE, IN",12.9666666,77.5833333,921.0,24.777777777777775,30.27777777777778,21.0,3.0479999999999996,24.777777777777775
2019-07-18,43295099999.0,"BANGALORE, IN",12.9666666,77.5833333,921.0,24.27777777777778,29.27777777777778,21.38888888888889,40.386,24.27777777777778
2019-07-19,43295099999.0,"BANGALORE, IN",12.9666666,77.5833333,921.0,23.555555555555557,28.388888888888886,21.611111111111114,1.016,23.555555555555557
2019-07-20,43295099999.0,"BANGALORE, IN",12.9666666,77.5833333,921.0,23.388888888888886,28.388888888888886,20.611111111111107,1.27,23.388888888888886
2019-07-21,43295099999.0,"BANGALORE, IN",12.9666666,77.5833333,921.0,23.000000000000004,27.722222222222225,20.611111111111107,0.0,23.000000000000004
2019-07-22,43295099999.0,"BANGALORE, IN",12.9666666,77.5833333,921.0,22.16666666666667,27.61111111111111,19.388888888888893,3.302,22.16666666666667
2019-07-23,43295099999.0,"BANGALORE, IN",12.9666666,77.5833333,921.0,21.999999999999996,26.0,19.222222222222218,13.97,21.999999999999996
2019-07-24,43295099999.0,"BANGALORE, IN",12.9666666,77.5833333,921.0,24.27777777777778,29.0,20.0,0.254,24.27777777777778
2019-07-25,43295099999.0,"BANGALORE, IN",12.9666666,77.5833333,921.0,23.77777777777778,29.5,21.27777777777778,1.016,23.77777777777778
2019-07-26,43295099999.0,"BANGALORE, IN",12.9666666,77.5833333,921.0,22.61111111111111,28.5,20.611111111111107,11.176,22.61111111111111
2019-07-27,43295099999.0,"BANGALORE, IN",12.9666666,77.5833333,921.0,24.055555555555557,27.77777777777778,20.38888888888889,0.0,24.055555555555557
2019-07-28,43295099999.0,"BANGALORE, IN",12.9666666,77.5833333,921.0,23.444444444444443,29.0,20.611111111111107,0.0,23.444444444444443
2019-07-29,43295099999.0,"BANGALORE, IN",12.9666666,77.5833333,921.0,23.444444444444443,28.22222222222222,20.777777777777782,0.0,23.444444444444443
2019-07-30,43295099999.0,"BANGALORE, IN",12.9666666,77.5833333,921.0,22.944444444444443,27.61111111111111,20.11111111111111,0.0,22.944444444444443
2019-07-31,43295099999.0,"BANGALORE, IN",12.9666666,77.5833333,921.0,24.222222222222218,29.38888888888889,19.777777777777775,,24.222222222222218
2019-08-01,43295099999.0,"BANGALORE, IN",12.9666666,77.5833333,921.0,24.66666666666667,29.88888888888889,20.500000000000004,,24.66666666666667
2019-08-02,43295099999.0,"BANGALORE, IN",12.9666666,77.5833333,921.0,23.555555555555557,30.38888888888889,20.500000000000004,,23.555555555555557
2019-08-03,43295099999.0,"BANGALORE, IN",12.9666666,77.5833333,921.0,23.833333333333336,27.38888888888889,20.611111111111107,,23.833333333333336
2019-08-04,43295099999.0,"BANGALORE, IN",12.9666666,77.5833333,921.0,23.77777777777778,28.77777777777778,21.0,0.0,23.77777777777778
2019-08-05,43295099999.0,"BANGALORE, IN",12.9666666,77.5833333,921.0,22.38888888888889,27.88888888888889,20.611111111111107,2.032,22.38888888888889
2019-08-06,43295099999.0,"BANGALORE, IN",12.9666666,77.5833333,921.0,21.77777777777778,25.611111111111107,20.0,2.794,21.77777777777778
2019-08-07,43295099999.0,"BANGALORE, IN",12.9666666,77.5833333,921.0,22.055555555555557,25.38888888888889,20.38888888888889,2.032,22.055555555555557
2019-08-08,43295099999.0,"BANGALORE, IN",12.9666666,77.5833333,921.0,21.999999999999996,25.222222222222225,20.777777777777782,3.0479999999999996,21.999999999999996
2019-08-09,43295099999.0,"BANGALORE, IN",12.9666666,77.5833333,921.0,21.77777777777778,24.777777777777775,20.0,21.081999999999997,21.77777777777778
2019-08-10,43295099999.0,"BANGALORE, IN",12.9666666,77.5833333,921.0,22.666666666666668,25.611111111111107,19.777777777777775,0.7619999999999999,22.666666666666668
2019-08-11,43295099999.0,"BANGALORE, IN",12.9666666,77.5833333,921.0,23.000000000000004,26.999999999999996,20.0,0.0,23.000000000000004
2019-08-12,43295099999.0,"BANGALORE, IN",12.9666666,77.5833333,921.0,23.22222222222222,27.5,20.222222222222225,6.095999999999999,23.22222222222222
2019-08-13,43295099999.0,"BANGALORE, IN",12.9666666,77.5833333,921.0,23.111111111111107,27.61111111111111,20.611111111111107,19.049999999999997,23.111111111111107
2019-08-14,43295099999.0,"BANGALORE, IN",12.9666666,77.5833333,921.0,22.83333333333333,27.38888888888889,20.72222222222222,0.254,22.83333333333333
2019-08-15,43295099999.0,"BANGALORE, IN",12.9666666,77.5833333,921.0,23.22222222222222,28.388888888888886,20.500000000000004,9.143999999999998,23.22222222222222
2019-08-16,43295099999.0,"BANGALORE, IN",12.9666666,77.5833333,921.0,23.055555555555557,27.77777777777778,21.0,0.0,23.055555555555557
2019-08-17,43295099999.0,"BANGALORE, IN",12.9666666,77.5833333,921.0,22.22222222222222,28.61111111111111,20.0,3.0479999999999996,22.22222222222222
2019-08-18,43295099999.0,"BANGALORE, IN",12.9666666,77.5833333,921.0,21.722222222222218,24.777777777777775,20.611111111111107,24.13,21.722222222222218
2019-08-19,43295099999.0,"BANGALORE, IN",12.9666666,77.5833333,921.0,23.5,28.388888888888886,20.222222222222225,11.684,23.5
2019-08-20,43295099999.0,"BANGALORE, IN",12.9666666,77.5833333,921.0,22.83333333333333,29.0,20.11111111111111,17.525999999999996,22.83333333333333
2019-08-21,43295099999.0,"BANGALORE, IN",12.9666666,77.5833333,921.0,23.22222222222222,26.77777777777778,20.777777777777782,16.509999999999998,23.22222222222222
2019-08-22,43295099999.0,"BANGALORE, IN",12.9666666,77.5833333,921.0,22.722222222222225,27.277777777777775,20.611111111111107,0.0,22.722222222222225
2019-08-23,43295099999.0,"BANGALORE, IN",12.9666666,77.5833333,921.0,22.666666666666668,27.5,20.222222222222225,5.334,22.666666666666668
2019-08-24,43295099999.0,"BANGALORE, IN",12.9666666,77.5833333,921.0,22.722222222222225,27.61111111111111,20.0,1.5239999999999998,22.722222222222225
2019-08-25,43295099999.0,"BANGALORE, IN",12.9666666,77.5833333,921.0,23.000000000000004,27.61111111111111,20.0,0.0,23.000000000000004
2019-08-26,43295099999.0,"BANGALORE, IN",12.9666666,77.5833333,921.0,23.000000000000004,28.277777777777782,20.0,0.0,23.000000000000004
2019-08-27,43295099999.0,"BANGALORE, IN",12.9666666,77.5833333,921.0,23.88888888888889,28.22222222222222,20.38888888888889,0.254,23.88888888888889
2019-08-28,43295099999.0,"BANGALORE, IN",12.9666666,77.5833333,921.0,23.666666666666664,29.0,20.0,0.0,23.666666666666664
2019-08-29,43295099999.0,"BANGALORE, IN",12.9666666,77.5833333,921.0,24.111111111111114,29.27777777777778,20.611111111111107,0.0,24.111111111111114
2019-08-30,43295099999.0,"BANGALORE, IN",12.9666666,77.5833333,921.0,24.27777777777778,29.0,20.611111111111107,0.0,24.27777777777778
2019-08-31,43295099999.0,"BANGALORE, IN",12.9666666,77.5833333,921.0,23.000000000000004,28.72222222222222,20.38888888888889,0.0,23.000000000000004
2019-09-01,43295099999.0,"BANGALORE, IN",12.9666666,77.5833333,921.0,23.000000000000004,26.38888888888889,20.38888888888889,0.0,23.000000000000004
2019-09-02,43295099999.0,"BANGALORE, IN",12.9666666,77.5833333,921.0,22.277777777777775,26.77777777777778,20.27777777777778,0.508,22.277777777777775
2019-09-03,43295099999.0,"BANGALORE, IN",12.9666666,77.5833333,921.0,22.16666666666667,26.38888888888889,20.11111111111111,12.953999999999999,22.16666666666667
2019-09-04,43295099999.0,"BANGALORE, IN",12.9666666,77.5833333,921.0,22.16666666666667,26.38888888888889,20.27777777777778,4.571999999999999,22.16666666666667
2019-09-05,43295099999.0,"BANGALORE, IN",12.9666666,77.5833333,921.0,22.61111111111111,26.77777777777778,20.38888888888889,0.0,22.61111111111111
2019-09-06,43295099999.0,"BANGALORE, IN",12.9666666,77.5833333,921.0,22.83333333333333,27.38888888888889,20.38888888888889,0.508,22.83333333333333
2019-09-07,43295099999.0,"BANGALORE, IN",12.9666666,77.5833333,921.0,23.22222222222222,27.277777777777775,20.38888888888889,2.2859999999999996,23.22222222222222
2019-09-08,43295099999.0,"BANGALORE, IN",12.9666666,77.5833333,921.0,23.555555555555557,27.77777777777778,20.777777777777782,0.254,23.555555555555557
2019-09-09,43295099999.0,"BANGALORE, IN",12.9666666,77.5833333,921.0,24.111111111111114,27.5,21.0,0.254,24.111111111111114
2019-09-10,43295099999.0,"BANGALORE, IN",12.9666666,77.5833333,921.0,24.222222222222218,27.88888888888889,20.611111111111107,0.0,24.222222222222218
2019-09-11,43295099999.0,"BANGALORE, IN",12.9666666,77.5833333,921.0,24.111111111111114,28.000000000000004,21.27777777777778,,24.111111111111114
2019-09-12,43295099999.0,"BANGALORE, IN",12.9666666,77.5833333,921.0,24.0,28.388888888888886,21.0,0.0,24.0
2019-09-13,43295099999.0,"BANGALORE, IN",12.9666666,77.5833333,921.0,24.72222222222222,29.77777777777778,21.0,0.508,24.72222222222222
2019-09-14,43295099999.0,"BANGALORE, IN",12.9666666,77.5833333,921.0,25.055555555555554,30.22222222222222,21.22222222222222,0.0,25.055555555555554
2019-09-15,43295099999.0,"BANGALORE, IN",12.9666666,77.5833333,921.0,24.833333333333332,30.72222222222222,21.27777777777778,0.0,24.833333333333332
2019-09-16,43295099999.0,"BANGALORE, IN",12.9666666,77.5833333,921.0,23.166666666666668,29.5,20.777777777777782,0.254,23.166666666666668
2019-09-17,43295099999.0,"BANGALORE, IN",12.9666666,77.5833333,921.0,23.22222222222222,28.77777777777778,20.222222222222225,30.733999999999998,23.22222222222222
2019-09-18,43295099999.0,"BANGALORE, IN",12.9666666,77.5833333,921.0,23.944444444444443,26.77777777777778,21.611111111111114,0.508,23.944444444444443
2019-09-19,43295099999.0,"BANGALORE, IN",12.9666666,77.5833333,921.0,24.222222222222218,27.61111111111111,21.22222222222222,0.254,24.222222222222218
2019-09-20,43295099999.0,"BANGALORE, IN",12.9666666,77.5833333,921.0,24.166666666666668,29.0,20.611111111111107,1.778,24.166666666666668
2019-09-21,43295099999.0,"BANGALORE, IN",12.9666666,77.5833333,921.0,25.222222222222225,29.22222222222222,21.22222222222222,0.0,25.222222222222225
2019-09-22,43295099999.0,"BANGALORE, IN",12.9666666,77.5833333,921.0,23.22222222222222,30.77777777777778,21.22222222222222,7.874,23.22222222222222
2019-09-23,43295099999.0,"BANGALORE, IN",12.9666666,77.5833333,921.0,23.72222222222222,28.000000000000004,20.611111111111107,12.953999999999999,23.72222222222222
2019-09-24,43295099999.0,"BANGALORE, IN",12.9666666,77.5833333,921.0,23.5,28.72222222222222,19.72222222222222,29.717999999999996,23.5
2019-09-25,43295099999.0,"BANGALORE, IN",12.9666666,77.5833333,921.0,23.166666666666668,28.77777777777778,20.222222222222225,23.622,23.166666666666668
2019-09-26,43295099999.0,"BANGALORE, IN",12.9666666,77.5833333,921.0,23.88888888888889,28.000000000000004,20.222222222222225,1.778,23.88888888888889
2019-09-27,43295099999.0,"BANGALORE, IN",12.9666666,77.5833333,921.0,23.88888888888889,28.77777777777778,21.0,0.0,23.88888888888889
2019-09-28,43295099999.0,"BANGALORE, IN",12.9666666,77.5833333,921.0,24.66666666666667,29.11111111111111,21.11111111111111,6.095999999999999,24.66666666666667
2019-09-29,43295099999.0,"BANGALORE, IN",12.9666666,77.5833333,921.0,24.72222222222222,30.0,21.11111111111111,0.0,24.72222222222222
2019-09-30,43295099999.0,"BANGALORE, IN",12.9666666,77.5833333,921.0,25.222222222222225,30.22222222222222,21.38888888888889,,25.222222222222225
2019-10-01,43295099999.0,"BANGALORE, IN",12.9666666,77.5833333,921.0,23.5,30.27777777777778,20.611111111111107,2.032,23.5
2019-10-02,43295099999.0,"BANGALORE, IN",12.9666666,77.5833333,921.0,23.833333333333336,29.11111111111111,18.61111111111111,22.098,23.833333333333336
2019-10-03,43295099999.0,"BANGALORE, IN",12.9666666,77.5833333,921.0,23.5,30.38888888888889,19.222222222222218,7.874,23.5
2019-10-04,43295099999.0,"BANGALORE, IN",12.9666666,77.5833333,921.0,23.000000000000004,28.277777777777782,19.61111111111111,2.2859999999999996,23.000000000000004
2019-10-05,43295099999.0,"BANGALORE, IN",12.9666666,77.5833333,921.0,23.5,29.38888888888889,19.88888888888889,8.636000000000001,23.5
2019-10-06,43295099999.0,"BANGALORE, IN",12.9666666,77.5833333,921.0,24.27777777777778,28.72222222222222,20.611111111111107,0.508,24.27777777777778
2019-10-07,43295099999.0,"BANGALORE, IN",12.9666666,77.5833333,921.0,24.055555555555557,29.61111111111111,21.27777777777778,0.0,24.055555555555557
2019-10-08,43295099999.0,"BANGALORE, IN",12.9666666,77.5833333,921.0,23.333333333333332,29.22222222222222,20.222222222222225,0.0,23.333333333333332
2019-10-09,43295099999.0,"BANGALORE, IN",12.9666666,77.5833333,921.0,24.27777777777778,30.11111111111111,19.27777777777778,5.588,24.27777777777778
2019-10-10,43295099999.0,"BANGALORE, IN",12.9666666,77.5833333,921.0,24.66666666666667,30.0,20.72222222222222,0.0,24.66666666666667
2019-10-11,43295099999.0,"BANGALORE, IN",12.9666666,77.5833333,921.0,24.444444444444443,30.0,21.77777777777778,0.0,24.444444444444443
2019-10-12,43295099999.0,"BANGALORE, IN",12.9666666,77.5833333,921.0,25.0,29.61111111111111,21.5,0.508,25.0
2019-10-13,43295099999.0,"BANGALORE, IN",12.9666666,77.5833333,921.0,24.944444444444446,29.77777777777778,21.5,0.0,24.944444444444446
2019-10-14,43295099999.0,"BANGALORE, IN",12.9666666,77.5833333,921.0,26.666666666666668,30.61111111111111,21.611111111111114,0.0,26.666666666666668
2019-10-15,43295099999.0,"BANGALORE, IN",12.9666666,77.5833333,921.0,24.72222222222222,30.72222222222222,21.611111111111114,0.0,24.72222222222222
2019-10-16,43295099999.0,"BANGALORE, IN",12.9666666,77.5833333,921.0,24.499999999999996,30.0,21.77777777777778,0.0,24.499999999999996
2019-10-17,43295099999.0,"BANGALORE, IN",12.9666666,77.5833333,921.0,22.444444444444446,28.388888888888886,20.777777777777782,0.0,22.444444444444446
2019-10-18,43295099999.0,"BANGALORE, IN",12.9666666,77.5833333,921.0,23.000000000000004,26.77777777777778,20.222222222222225,3.8099999999999996,23.000000000000004
2019-10-19,43295099999.0,"BANGALORE, IN",12.9666666,77.5833333,921.0,23.444444444444443,27.61111111111111,20.222222222222225,8.889999999999999,23.444444444444443
2019-10-20,43295099999.0,"BANGALORE, IN",12.9666666,77.5833333,921.0,23.277777777777782,27.88888888888889,21.0,0.0,23.277777777777782
2019-10-21,43295099999.0,"BANGALORE, IN",12.9666666,77.5833333,921.0,22.16666666666667,28.61111111111111,20.611111111111107,7.874,22.16666666666667
2019-10-22,43295099999.0,"BANGALORE, IN",12.9666666,77.5833333,921.0,21.444444444444443,27.11111111111111,20.27777777777778,38.862,21.444444444444443
2019-10-23,43295099999.0,"BANGALORE, IN",12.9666666,77.5833333,921.0,22.77777777777778,27.38888888888889,19.777777777777775,13.208,22.77777777777778
2019-10-24,43295099999.0,"BANGALORE, IN",12.9666666,77.5833333,921.0,22.5,27.61111111111111,20.0,0.0,22.5
2019-10-25,43295099999.0,"BANGALORE, IN",12.9666666,77.5833333,921.0,21.5,26.722222222222218,19.388888888888893,0.0,21.5
2019-10-26,43295099999.0,"BANGALORE, IN",12.9666666,77.5833333,921.0,22.444444444444446,26.999999999999996,19.0,6.095999999999999,22.444444444444446
2019-10-27,43295099999.0,"BANGALORE, IN",12.9666666,77.5833333,921.0,22.277777777777775,27.77777777777778,19.388888888888893,3.0479999999999996,22.277777777777775
2019-10-28,43295099999.0,"BANGALORE, IN",12.9666666,77.5833333,921.0,23.055555555555557,27.38888888888889,19.388888888888893,37.083999999999996,23.055555555555557
2019-10-29,43295099999.0,"BANGALORE, IN",12.9666666,77.5833333,921.0,21.999999999999996,27.61111111111111,20.0,0.0,21.999999999999996
2019-10-30,43295099999.0,"BANGALORE, IN",12.9666666,77.5833333,921.0,21.38888888888889,25.27777777777778,19.72222222222222,4.571999999999999,21.38888888888889
2019-10-31,43295099999.0,"BANGALORE, IN",12.9666666,77.5833333,921.0,22.5,25.611111111111107,19.72222222222222,6.858,22.5
2019-11-01,43295099999.0,"BANGALORE, IN",12.9666666,77.5833333,921.0,23.833333333333336,27.77777777777778,18.000000000000004,0.254,23.833333333333336
2019-11-02,43295099999.0,"BANGALORE, IN",12.9666666,77.5833333,921.0,24.166666666666668,29.38888888888889,21.0,0.0,24.166666666666668
2019-11-03,43295099999.0,"BANGALORE, IN",12.9666666,77.5833333,921.0,24.388888888888893,29.5,20.611111111111107,,24.388888888888893
2019-11-04,43295099999.0,"BANGALORE, IN",12.9666666,77.5833333,921.0,24.0,29.77777777777778,19.222222222222218,,24.0
2019-11-05,43295099999.0,"BANGALORE, IN",12.9666666,77.5833333,921.0,24.111111111111114,30.77777777777778,18.22222222222222,,24.111111111111114
2019-11-06,43295099999.0,"BANGALORE, IN",12.9666666,77.5833333,921.0,24.111111111111114,30.38888888888889,19.222222222222218,,24.111111111111114
2019-11-07,43295099999.0,"BANGALORE, IN",12.9666666,77.5833333,921.0,24.72222222222222,30.88888888888889,18.61111111111111,,24.72222222222222
2019-11-08,43295099999.0,"BANGALORE, IN",12.9666666,77.5833333,921.0,24.388888888888893,28.388888888888886,21.77777777777778,3.0479999999999996,24.388888888888893
2019-11-09,43295099999.0,"BANGALORE, IN",12.9666666,77.5833333,921.0,24.333333333333332,29.22222222222222,21.22222222222222,0.0,24.333333333333332
2019-11-10,43295099999.0,"BANGALORE, IN",12.9666666,77.5833333,921.0,24.555555555555557,29.88888888888889,20.38888888888889,49.529999999999994,24.555555555555557
2019-11-11,43295099999.0,"BANGALORE, IN",12.9666666,77.5833333,921.0,23.77777777777778,29.77777777777778,20.38888888888889,0.0,23.77777777777778
2019-11-12,43295099999.0,"BANGALORE, IN",12.9666666,77.5833333,921.0,23.055555555555557,28.61111111111111,18.77777777777778,,23.055555555555557
2019-11-13,43295099999.0,"BANGALORE, IN",12.9666666,77.5833333,921.0,22.944444444444443,28.000000000000004,18.5,,22.944444444444443
2019-11-14,43295099999.0,"BANGALORE, IN",12.9666666,77.5833333,921.0,22.277777777777775,28.77777777777778,18.77777777777778,0.0,22.277777777777775
2019-11-15,43295099999.0,"BANGALORE, IN",12.9666666,77.5833333,921.0,22.722222222222225,26.77777777777778,19.388888888888893,2.794,22.722222222222225
2019-11-16,43295099999.0,"BANGALORE, IN",12.9666666,77.5833333,921.0,23.5,28.000000000000004,20.38888888888889,0.508,23.5
2019-11-17,43295099999.0,"BANGALORE, IN",12.9666666,77.5833333,921.0,24.0,29.22222222222222,19.499999999999996,0.0,24.0
2019-11-18,43295099999.0,"BANGALORE, IN",12.9666666,77.5833333,921.0,23.77777777777778,29.61111111111111,20.0,0.0,23.77777777777778
2019-11-19,43295099999.0,"BANGALORE, IN",12.9666666,77.5833333,921.0,23.61111111111111,29.38888888888889,19.777777777777775,0.0,23.61111111111111
2019-11-20,43295099999.0,"BANGALORE, IN",12.9666666,77.5833333,921.0,22.277777777777775,29.77777777777778,20.222222222222225,10.921999999999999,22.277777777777775
2019-11-21,43295099999.0,"BANGALORE, IN",12.9666666,77.5833333,921.0,22.38888888888889,27.61111111111111,20.38888888888889,0.0,22.38888888888889
2019-11-22,43295099999.0,"BANGALORE, IN",12.9666666,77.5833333,921.0,22.277777777777775,26.38888888888889,19.0,0.0,22.277777777777775
2019-11-23,43295099999.0,"BANGALORE, IN",12.9666666,77.5833333,921.0,23.22222222222222,28.388888888888886,17.27777777777778,,23.22222222222222
2019-11-24,43295099999.0,"BANGALORE, IN",12.9666666,77.5833333,921.0,22.5,29.22222222222222,18.22222222222222,,22.5
2019-11-25,43295099999.0,"BANGALORE, IN",12.9666666,77.5833333,921.0,22.38888888888889,28.5,18.61111111111111,,22.38888888888889
2019-11-26,43295099999.0,"BANGALORE, IN",12.9666666,77.5833333,921.0,22.666666666666668,27.77777777777778,16.72222222222222,0.0,22.666666666666668
2019-11-27,43295099999.0,"BANGALORE, IN",12.9666666,77.5833333,921.0,21.944444444444443,28.277777777777782,20.0,0.254,21.944444444444443
2019-11-28,43295099999.0,"BANGALORE, IN",12.9666666,77.5833333,921.0,22.555555555555554,26.999999999999996,19.222222222222218,0.0,22.555555555555554
2019-11-29,43295099999.0,"BANGALORE, IN",12.9666666,77.5833333,921.0,22.5,28.388888888888886,19.388888888888893,0.0,22.5
2019-11-30,43295099999.0,"BANGALORE, IN",12.9666666,77.5833333,921.0,21.444444444444443,26.999999999999996,18.72222222222222,1.5239999999999998,21.444444444444443
2019-12-01,43295099999.0,"BANGALORE, IN",12.9666666,77.5833333,921.0,21.22222222222222,24.61111111111111,20.0,1.778,21.22222222222222
2019-12-02,43295099999.0,"BANGALORE, IN",12.9666666,77.5833333,921.0,21.333333333333336,24.0,19.777777777777775,6.858,21.333333333333336
2019-12-03,43295099999.0,"BANGALORE, IN",12.9666666,77.5833333,921.0,21.11111111111111,24.499999999999996,19.388888888888893,0.508,21.11111111111111
2019-12-04,43295099999.0,"BANGALORE, IN",12.9666666,77.5833333,921.0,21.22222222222222,25.38888888888889,18.22222222222222,0.0,21.22222222222222
2019-12-05,43295099999.0,"BANGALORE, IN",12.9666666,77.5833333,921.0,20.777777777777782,26.0,18.000000000000004,,20.777777777777782
2019-12-06,43295099999.0,"BANGALORE, IN",12.9666666,77.5833333,921.0,20.444444444444443,25.38888888888889,17.61111111111111,,20.444444444444443
2019-12-07,43295099999.0,"BANGALORE, IN",12.9666666,77.5833333,921.0,20.27777777777778,24.499999999999996,15.777777777777779,0.508,20.27777777777778
2019-12-08,43295099999.0,"BANGALORE, IN",12.9666666,77.5833333,921.0,20.222222222222225,24.88888888888889,17.77777777777778,0.0,20.222222222222225
2019-12-09,43295099999.0,"BANGALORE, IN",12.9666666,77.5833333,921.0,21.5,25.611111111111107,17.0,0.0,21.5
2019-12-10,43295099999.0,"BANGALORE, IN",12.9666666,77.5833333,921.0,21.555555555555557,26.38888888888889,17.88888888888889,,21.555555555555557
2019-12-11,43295099999.0,"BANGALORE, IN",12.9666666,77.5833333,921.0,22.333333333333332,26.22222222222222,16.5,,22.333333333333332
2019-12-12,43295099999.0,"BANGALORE, IN",12.9666666,77.5833333,921.0,21.38888888888889,27.77777777777778,16.77777777777778,,21.38888888888889
2019-12-13,43295099999.0,"BANGALORE, IN",12.9666666,77.5833333,921.0,22.16666666666667,28.22222222222222,17.38888888888889,,22.16666666666667
2019-12-14,43295099999.0,"BANGALORE, IN",12.9666666,77.5833333,921.0,21.055555555555557,28.77777777777778,18.22222222222222,0.0,21.055555555555557
2019-12-15,43295099999.0,"BANGALORE, IN",12.9666666,77.5833333,921.0,21.722222222222218,26.0,17.61111111111111,2.794,21.722222222222218
2019-12-16,43295099999.0,"BANGALORE, IN",12.9666666,77.5833333,921.0,22.11111111111111,26.722222222222218,17.38888888888889,0.0,22.11111111111111
2019-12-17,43295099999.0,"BANGALORE, IN",12.9666666,77.5833333,921.0,21.27777777777778,27.61111111111111,18.388888888888886,0.0,21.27777777777778
2019-12-18,43295099999.0,"BANGALORE, IN",12.9666666,77.5833333,921.0,21.611111111111114,26.22222222222222,17.0,,21.611111111111114
2019-12-19,43295099999.0,"BANGALORE, IN",12.9666666,77.5833333,921.0,20.72222222222222,26.38888888888889,18.000000000000004,,20.72222222222222
2019-12-20,43295099999.0,"BANGALORE, IN",12.9666666,77.5833333,921.0,20.944444444444443,25.0,16.22222222222222,,20.944444444444443
2019-12-21,43295099999.0,"BANGALORE, IN",12.9666666,77.5833333,921.0,21.944444444444443,27.38888888888889,18.000000000000004,,21.944444444444443
2019-12-22,43295099999.0,"BANGALORE, IN",12.9666666,77.5833333,921.0,21.77777777777778,28.277777777777782,18.388888888888886,,21.77777777777778
2019-12-23,43295099999.0,"BANGALORE, IN",12.9666666,77.5833333,921.0,21.0,28.000000000000004,18.111111111111107,,21.0
2019-12-24,43295099999.0,"BANGALORE, IN",12.9666666,77.5833333,921.0,22.277777777777775,27.77777777777778,18.388888888888886,,22.277777777777775
2019-12-25,43295099999.0,"BANGALORE, IN",12.9666666,77.5833333,921.0,21.611111111111114,28.61111111111111,19.777777777777775,,21.611111111111114
2019-12-26,43295099999.0,"BANGALORE, IN",12.9666666,77.5833333,921.0,22.333333333333332,27.22222222222222,19.0,,22.333333333333332
2019-12-27,43295099999.0,"BANGALORE, IN",12.9666666,77.5833333,921.0,23.444444444444443,29.61111111111111,18.000000000000004,,23.444444444444443
2019-12-28,43295099999.0,"BANGALORE, IN",12.9666666,77.5833333,921.0,21.888888888888893,29.77777777777778,17.61111111111111,,21.888888888888893
2019-12-29,43295099999.0,"BANGALORE, IN",12.9666666,77.5833333,921.0,21.833333333333332,28.22222222222222,16.77777777777778,,21.833333333333332
2019-12-30,43295099999.0,"BANGALORE, IN",12.9666666,77.5833333,921.0,21.666666666666668,27.61111111111111,17.5,,21.666666666666668
2019-12-31,43295099999.0,"BANGALORE, IN",12.9666666,77.5833333,921.0,21.944444444444443,28.111111111111107,17.5,,21.944444444444443
2020-01-01,43295099999.0,"BANGALORE, IN",12.9666666,77.5833333,921.0,21.999999999999996,27.22222222222222,19.222222222222218,,21.999999999999996
2020-01-02,43295099999.0,"BANGALORE, IN",12.9666666,77.5833333,921.0,22.22222222222222,26.0,19.388888888888893,,22.22222222222222
2020-01-03,43295099999.0,"BANGALORE, IN",12.9666666,77.5833333,921.0,23.444444444444443,28.388888888888886,19.388888888888893,0.0,23.444444444444443
2020-01-04,43295099999.0,"BANGALORE, IN",12.9666666,77.5833333,921.0,23.555555555555557,30.5,19.0,0.0,23.555555555555557
2020-01-05,43295099999.0,"BANGALORE, IN",12.9666666,77.5833333,921.0,24.166666666666668,30.5,20.38888888888889,,24.166666666666668
2020-01-06,43295099999.0,"BANGALORE, IN",12.9666666,77.5833333,921.0,22.11111111111111,30.77777777777778,20.38888888888889,0.0,22.11111111111111
2020-01-07,43295099999.0,"BANGALORE, IN",12.9666666,77.5833333,921.0,22.22222222222222,26.22222222222222,18.77777777777778,0.0,22.22222222222222
2020-01-08,43295099999.0,"BANGALORE, IN",12.9666666,77.5833333,921.0,22.666666666666668,28.61111111111111,18.22222222222222,,22.666666666666668
2020-01-09,43295099999.0,"BANGALORE, IN",12.9666666,77.5833333,921.0,23.055555555555557,29.77777777777778,18.000000000000004,,23.055555555555557
2020-01-10,43295099999.0,"BANGALORE, IN",12.9666666,77.5833333,921.0,22.055555555555557,30.38888888888889,17.22222222222222,,22.055555555555557
2020-01-11,43295099999.0,"BANGALORE, IN",12.9666666,77.5833333,921.0,20.777777777777782,29.22222222222222,15.61111111111111,,20.777777777777782
2020-01-12,43295099999.0,"BANGALORE, IN",12.9666666,77.5833333,921.0,21.11111111111111,28.5,15.5,,21.11111111111111
2020-01-13,43295099999.0,"BANGALORE, IN",12.9666666,77.5833333,921.0,22.88888888888889,27.61111111111111,17.38888888888889,,22.88888888888889
2020-01-14,43295099999.0,"BANGALORE, IN",12.9666666,77.5833333,921.0,21.944444444444443,29.0,16.38888888888889,,21.944444444444443
2020-01-15,43295099999.0,"BANGALORE, IN",12.9666666,77.5833333,921.0,21.0,29.5,14.38888888888889,,21.0
2020-01-16,43295099999.0,"BANGALORE, IN",12.9666666,77.5833333,921.0,21.833333333333332,29.5,15.277777777777779,,21.833333333333332
2020-01-17,43295099999.0,"BANGALORE, IN",12.9666666,77.5833333,921.0,22.055555555555557,28.72222222222222,15.777777777777779,,22.055555555555557
2020-01-18,43295099999.0,"BANGALORE, IN",12.9666666,77.5833333,921.0,22.444444444444446,29.88888888888889,18.388888888888886,,22.444444444444446
2020-01-19,43295099999.0,"BANGALORE, IN",12.9666666,77.5833333,921.0,23.333333333333332,28.61111111111111,19.222222222222218,,23.333333333333332
2020-01-20,43295099999.0,"BANGALORE, IN",12.9666666,77.5833333,921.0,23.277777777777782,29.77777777777778,17.72222222222222,,23.277777777777782
2020-01-21,43295099999.0,"BANGALORE, IN",12.9666666,77.5833333,921.0,22.61111111111111,31.0,17.22222222222222,,22.61111111111111
2020-01-22,43295099999.0,"BANGALORE, IN",12.9666666,77.5833333,921.0,22.333333333333332,30.22222222222222,16.0,,22.333333333333332
2020-01-23,43295099999.0,"BANGALORE, IN",12.9666666,77.5833333,921.0,23.166666666666668,30.11111111111111,17.88888888888889,,23.166666666666668
2020-01-24,43295099999.0,"BANGALORE, IN",12.9666666,77.5833333,921.0,22.722222222222225,30.38888888888889,17.0,,22.722222222222225
2020-01-25,43295099999.0,"BANGALORE, IN",12.9666666,77.5833333,921.0,22.555555555555554,31.27777777777778,15.38888888888889,,22.555555555555554
2020-01-26,43295099999.0,"BANGALORE, IN",12.9666666,77.5833333,921.0,23.444444444444443,31.72222222222222,15.5,,23.444444444444443
2020-01-27,43295099999.0,"BANGALORE, IN",12.9666666,77.5833333,921.0,23.88888888888889,32.72222222222222,15.88888888888889,,23.88888888888889
2020-01-28,43295099999.0,"BANGALORE, IN",12.9666666,77.5833333,921.0,23.944444444444443,31.77777777777778,19.111111111111114,,23.944444444444443
2020-01-29,43295099999.0,"BANGALORE, IN",12.9666666,77.5833333,921.0,24.166666666666668,31.61111111111111,18.277777777777782,,24.166666666666668
2020-01-30,43295099999.0,"BANGALORE, IN",12.9666666,77.5833333,921.0,24.777777777777775,32.0,17.5,,24.777777777777775
2020-01-31,43295099999.0,"BANGALORE, IN",12.9666666,77.5833333,921.0,25.055555555555554,33.388888888888886,19.0,,25.055555555555554
2020-02-01,43295099999.0,"BANGALORE, IN",12.9666666,77.5833333,921.0,23.388888888888886,32.72222222222222,18.77777777777778,,23.388888888888886
2020-02-02,43295099999.0,"BANGALORE, IN",12.9666666,77.5833333,921.0,22.944444444444443,30.5,17.38888888888889,,22.944444444444443
2020-02-03,43295099999.0,"BANGALORE, IN",12.9666666,77.5833333,921.0,23.277777777777782,29.22222222222222,17.22222222222222,,23.277777777777782
2020-02-04,43295099999.0,"BANGALORE, IN",12.9666666,77.5833333,921.0,23.5,31.0,16.0,,23.5
2020-02-05,43295099999.0,"BANGALORE, IN",12.9666666,77.5833333,921.0,23.666666666666664,30.38888888888889,18.5,,23.666666666666664
2020-02-06,43295099999.0,"BANGALORE, IN",12.9666666,77.5833333,921.0,24.0,30.27777777777778,17.72222222222222,,24.0
2020-02-07,43295099999.0,"BANGALORE, IN",12.9666666,77.5833333,921.0,23.72222222222222,31.0,18.000000000000004,,23.72222222222222
2020-02-08,43295099999.0,"BANGALORE, IN",12.9666666,77.5833333,921.0,24.388888888888893,30.77777777777778,19.0,,24.388888888888893
2020-02-09,43295099999.0,"BANGALORE, IN",12.9666666,77.5833333,921.0,23.77777777777778,31.61111111111111,18.22222222222222,,23.77777777777778
2020-02-10,43295099999.0,"BANGALORE, IN",12.9666666,77.5833333,921.0,23.22222222222222,30.38888888888889,18.388888888888886,,23.22222222222222
2020-02-11,43295099999.0,"BANGALORE, IN",12.9666666,77.5833333,921.0,23.22222222222222,30.61111111111111,16.38888888888889,,23.22222222222222
2020-02-12,43295099999.0,"BANGALORE, IN",12.9666666,77.5833333,921.0,23.277777777777782,30.38888888888889,17.38888888888889,,23.277777777777782
2020-02-13,43295099999.0,"BANGALORE, IN",12.9666666,77.5833333,921.0,24.499999999999996,31.0,18.61111111111111,,24.499999999999996
2020-02-14,43295099999.0,"BANGALORE, IN",12.9666666,77.5833333,921.0,24.66666666666667,32.22222222222222,18.000000000000004,,24.66666666666667
2020-02-15,43295099999.0,"BANGALORE, IN",12.9666666,77.5833333,921.0,25.166666666666668,32.27777777777778,17.61111111111111,,25.166666666666668
2020-02-16,43295099999.0,"BANGALORE, IN",12.9666666,77.5833333,921.0,24.777777777777775,33.111111111111114,17.5,,24.777777777777775
2020-02-17,43295099999.0,"BANGALORE, IN",12.9666666,77.5833333,921.0,23.944444444444443,32.611111111111114,17.22222222222222,,23.944444444444443
2020-02-18,43295099999.0,"BANGALORE, IN",12.9666666,77.5833333,921.0,23.88888888888889,32.388888888888886,17.0,,23.88888888888889
2020-02-19,43295099999.0,"BANGALORE, IN",12.9666666,77.5833333,921.0,23.77777777777778,32.611111111111114,17.61111111111111,,23.77777777777778
2020-02-20,43295099999.0,"BANGALORE, IN",12.9666666,77.5833333,921.0,23.666666666666664,31.5,16.5,,23.666666666666664
2020-02-21,43295099999.0,"BANGALORE, IN",12.9666666,77.5833333,921.0,24.0,32.611111111111114,16.61111111111111,,24.0
2020-02-22,43295099999.0,"BANGALORE, IN",12.9666666,77.5833333,921.0,24.055555555555557,32.22222222222222,18.388888888888886,,24.055555555555557
2020-02-23,43295099999.0,"BANGALORE, IN",12.9666666,77.5833333,921.0,23.666666666666664,31.38888888888889,18.000000000000004,,23.666666666666664
2020-02-24,43295099999.0,"BANGALORE, IN",12.9666666,77.5833333,921.0,23.333333333333332,31.0,18.61111111111111,,23.333333333333332
2020-02-25,43295099999.0,"BANGALORE, IN",12.9666666,77.5833333,921.0,25.0,31.0,18.000000000000004,,25.0
2020-02-26,43295099999.0,"BANGALORE, IN",12.9666666,77.5833333,921.0,25.444444444444443,32.5,19.388888888888893,,25.444444444444443
2020-02-27,43295099999.0,"BANGALORE, IN",12.9666666,77.5833333,921.0,25.166666666666668,32.388888888888886,20.38888888888889,,25.166666666666668
2020-02-28,43295099999.0,"BANGALORE, IN",12.9666666,77.5833333,921.0,24.499999999999996,31.61111111111111,19.222222222222218,,24.499999999999996
2020-02-29,43295099999.0,"BANGALORE, IN",12.9666666,77.5833333,921.0,25.166666666666668,31.0,19.499999999999996,,25.166666666666668
2020-03-01,43295099999.0,"BANGALORE, IN",12.9666666,77.5833333,921.0,25.500000000000004,32.77777777777778,20.222222222222225,,25.500000000000004
2020-03-02,43295099999.0,"BANGALORE, IN",12.9666666,77.5833333,921.0,24.499999999999996,32.27777777777778,20.38888888888889,0.0,24.499999999999996
2020-03-03,43295099999.0,"BANGALORE, IN",12.9666666,77.5833333,921.0,25.777777777777782,30.61111111111111,20.0,0.0,25.777777777777782
2020-03-04,43295099999.0,"BANGALORE, IN",12.9666666,77.5833333,921.0,26.444444444444443,33.0,21.999999999999996,1.016,26.444444444444443
2020-03-05,43295099999.0,"BANGALORE, IN",12.9666666,77.5833333,921.0,27.444444444444446,32.388888888888886,21.611111111111114,0.0,27.444444444444446
2020-03-06,43295099999.0,"BANGALORE, IN",12.9666666,77.5833333,921.0,26.611111111111114,33.388888888888886,22.38888888888889,,26.611111111111114
2020-03-07,43295099999.0,"BANGALORE, IN",12.9666666,77.5833333,921.0,26.11111111111111,33.388888888888886,22.277777777777775,1.016,26.11111111111111
2020-03-08,43295099999.0,"BANGALORE, IN",12.9666666,77.5833333,921.0,26.38888888888889,32.27777777777778,21.999999999999996,0.0,26.38888888888889
2020-03-09,43295099999.0,"BANGALORE, IN",12.9666666,77.5833333,921.0,26.38888888888889,33.27777777777778,21.611111111111114,,26.38888888888889
2020-03-10,43295099999.0,"BANGALORE, IN",12.9666666,77.5833333,921.0,26.999999999999996,32.888888888888886,22.38888888888889,,26.999999999999996
2020-03-11,43295099999.0,"BANGALORE, IN",12.9666666,77.5833333,921.0,26.944444444444443,34.0,22.22222222222222,,26.944444444444443
2020-03-12,43295099999.0,"BANGALORE, IN",12.9666666,77.5833333,921.0,26.333333333333336,33.611111111111114,21.999999999999996,,26.333333333333336
2020-03-13,43295099999.0,"BANGALORE, IN",12.9666666,77.5833333,921.0,26.444444444444443,34.388888888888886,21.0,,26.444444444444443
2020-03-14,43295099999.0,"BANGALORE, IN",12.9666666,77.5833333,921.0,26.888888888888893,33.77777777777778,20.38888888888889,,26.888888888888893
2020-03-15,43295099999.0,"BANGALORE, IN",12.9666666,77.5833333,921.0,26.611111111111114,34.388888888888886,20.500000000000004,,26.611111111111114
2020-03-16,43295099999.0,"BANGALORE, IN",12.9666666,77.5833333,921.0,26.555555555555557,34.5,19.388888888888893,,26.555555555555557
2020-03-17,43295099999.0,"BANGALORE, IN",12.9666666,77.5833333,921.0,26.27777777777778,34.22222222222222,20.222222222222225,,26.27777777777778
2020-03-18,43295099999.0,"BANGALORE, IN",12.9666666,77.5833333,921.0,27.22222222222222,34.0,19.388888888888893,,27.22222222222222
2020-03-19,43295099999.0,"BANGALORE, IN",12.9666666,77.5833333,921.0,27.61111111111111,35.22222222222222,20.888888888888886,,27.61111111111111
2020-03-20,43295099999.0,"BANGALORE, IN",12.9666666,77.5833333,921.0,25.444444444444443,35.22222222222222,22.61111111111111,2.032,25.444444444444443
2020-03-21,43295099999.0,"BANGALORE, IN",12.9666666,77.5833333,921.0,27.38888888888889,34.111111111111114,21.999999999999996,,27.38888888888889
2020-03-22,43295099999.0,"BANGALORE, IN",12.9666666,77.5833333,921.0,27.77777777777778,35.388888888888886,22.77777777777778,0.0,27.77777777777778
2020-03-23,43295099999.0,"BANGALORE, IN",12.9666666,77.5833333,921.0,25.27777777777778,34.388888888888886,21.999999999999996,14.985999999999999,25.27777777777778
2020-03-24,43295099999.0,"BANGALORE, IN",12.9666666,77.5833333,921.0,27.38888888888889,34.388888888888886,20.777777777777782,,27.38888888888889
2020-03-25,43295099999.0,"BANGALORE, IN",12.9666666,77.5833333,921.0,26.77777777777778,34.72222222222222,21.0,,26.77777777777778
2020-03-26,43295099999.0,"BANGALORE, IN",12.9666666,77.5833333,921.0,26.944444444444443,33.0,20.611111111111107,,26.944444444444443
2020-03-27,43295099999.0,"BANGALORE, IN",12.9666666,77.5833333,921.0,26.444444444444443,33.77777777777778,19.61111111111111,,26.444444444444443
2020-03-28,43295099999.0,"BANGALORE, IN",12.9666666,77.5833333,921.0,26.888888888888893,34.0,19.222222222222218,,26.888888888888893
2020-03-29,43295099999.0,"BANGALORE, IN",12.9666666,77.5833333,921.0,27.77777777777778,35.22222222222222,19.388888888888893,,27.77777777777778
2020-03-30,43295099999.0,"BANGALORE, IN",12.9666666,77.5833333,921.0,27.77777777777778,35.611111111111114,21.38888888888889,,27.77777777777778
2020-03-31,43295099999.0,"BANGALORE, IN",12.9666666,77.5833333,921.0,27.77777777777778,36.111111111111114,19.61111111111111,,27.77777777777778
2020-04-01,43295099999.0,"BANGALORE, IN",12.9666666,77.5833333,921.0,28.77777777777778,35.388888888888886,21.0,,28.77777777777778
2020-04-02,43295099999.0,"BANGALORE, IN",12.9666666,77.5833333,921.0,28.77777777777778,36.0,21.999999999999996,,28.77777777777778
2020-04-03,43295099999.0,"BANGALORE, IN",12.9666666,77.5833333,921.0,28.5,35.77777777777778,23.000000000000004,,28.5
2020-04-04,43295099999.0,"BANGALORE, IN",12.9666666,77.5833333,921.0,28.388888888888886,35.611111111111114,22.11111111111111,,28.388888888888886
2020-04-05,43295099999.0,"BANGALORE, IN",12.9666666,77.5833333,921.0,28.77777777777778,36.0,22.277777777777775,,28.77777777777778
2020-04-06,43295099999.0,"BANGALORE, IN",12.9666666,77.5833333,921.0,27.666666666666668,36.388888888888886,21.999999999999996,0.0,27.666666666666668
2020-04-07,43295099999.0,"BANGALORE, IN",12.9666666,77.5833333,921.0,25.0,35.611111111111114,21.0,29.971999999999998,25.0
2020-04-08,43295099999.0,"BANGALORE, IN",12.9666666,77.5833333,921.0,26.77777777777778,32.77777777777778,21.0,0.0,26.77777777777778
2020-04-09,43295099999.0,"BANGALORE, IN",12.9666666,77.5833333,921.0,24.88888888888889,33.72222222222222,19.0,0.0,24.88888888888889
2020-04-10,43295099999.0,"BANGALORE, IN",12.9666666,77.5833333,921.0,24.72222222222222,33.388888888888886,18.61111111111111,33.274,24.72222222222222
2020-04-11,43295099999.0,"BANGALORE, IN",12.9666666,77.5833333,921.0,26.611111111111114,31.0,21.0,0.0,26.611111111111114
2020-04-12,43295099999.0,"BANGALORE, IN",12.9666666,77.5833333,921.0,27.055555555555557,32.22222222222222,20.500000000000004,,27.055555555555557
2020-04-13,43295099999.0,"BANGALORE, IN",12.9666666,77.5833333,921.0,27.61111111111111,34.0,20.500000000000004,,27.61111111111111
2020-04-14,43295099999.0,"BANGALORE, IN",12.9666666,77.5833333,921.0,27.333333333333332,34.77777777777778,19.61111111111111,,27.333333333333332
2020-04-15,43295099999.0,"BANGALORE, IN",12.9666666,77.5833333,921.0,27.666666666666668,34.611111111111114,20.777777777777782,,27.666666666666668
2020-04-16,43295099999.0,"BANGALORE, IN",12.9666666,77.5833333,921.0,28.000000000000004,34.5,23.000000000000004,,28.000000000000004
2020-04-17,43295099999.0,"BANGALORE, IN",12.9666666,77.5833333,921.0,28.333333333333332,34.888888888888886,23.5,,28.333333333333332
2020-04-18,43295099999.0,"BANGALORE, IN",12.9666666,77.5833333,921.0,28.444444444444443,35.22222222222222,23.77777777777778,,28.444444444444443
2020-04-19,43295099999.0,"BANGALORE, IN",12.9666666,77.5833333,921.0,28.166666666666668,34.388888888888886,24.0,,28.166666666666668
2020-04-20,43295099999.0,"BANGALORE, IN",12.9666666,77.5833333,921.0,28.166666666666668,34.22222222222222,22.61111111111111,,28.166666666666668
2020-04-21,43295099999.0,"BANGALORE, IN",12.9666666,77.5833333,921.0,28.000000000000004,34.22222222222222,22.277777777777775,,28.000000000000004
2020-04-22,43295099999.0,"BANGALORE, IN",12.9666666,77.5833333,921.0,29.555555555555557,34.611111111111114,24.61111111111111,,29.555555555555557
2020-04-23,43295099999.0,"BANGALORE, IN",12.9666666,77.5833333,921.0,29.055555555555557,35.388888888888886,23.388888888888886,,29.055555555555557
2020-04-24,43295099999.0,"BANGALORE, IN",12.9666666,77.5833333,921.0,25.666666666666668,36.0,20.500000000000004,23.114,25.666666666666668
2020-04-25,43295099999.0,"BANGALORE, IN",12.9666666,77.5833333,921.0,25.833333333333332,30.77777777777778,22.722222222222225,0.0,25.833333333333332
2020-04-26,43295099999.0,"BANGALORE, IN",12.9666666,77.5833333,921.0,26.666666666666668,32.0,22.61111111111111,0.0,26.666666666666668
2020-04-27,43295099999.0,"BANGALORE, IN",12.9666666,77.5833333,921.0,26.666666666666668,31.61111111111111,22.38888888888889,0.0,26.666666666666668
2020-04-28,43295099999.0,"BANGALORE, IN",12.9666666,77.5833333,921.0,27.22222222222222,33.0,23.000000000000004,3.0479999999999996,27.22222222222222
2020-04-29,43295099999.0,"BANGALORE, IN",12.9666666,77.5833333,921.0,23.166666666666668,34.0,19.61111111111111,30.733999999999998,23.166666666666668
2020-04-30,43295099999.0,"BANGALORE, IN",12.9666666,77.5833333,921.0,26.5,32.0,21.0,1.016,26.5
2020-05-01,43295099999.0,"BANGALORE, IN",12.9666666,77.5833333,921.0,28.72222222222222,32.77777777777778,23.000000000000004,0.0,28.72222222222222
2020-05-02,43295099999.0,"BANGALORE, IN",12.9666666,77.5833333,921.0,27.722222222222225,33.611111111111114,23.72222222222222,,27.722222222222225
2020-05-03,43295099999.0,"BANGALORE, IN",12.9666666,77.5833333,921.0,27.5,33.388888888888886,23.22222222222222,0.508,27.5
2020-05-04,43295099999.0,"BANGALORE, IN",12.9666666,77.5833333,921.0,28.666666666666668,33.77777777777778,23.000000000000004,,28.666666666666668
2020-05-05,43295099999.0,"BANGALORE, IN",12.9666666,77.5833333,921.0,29.055555555555557,34.77777777777778,23.388888888888886,,29.055555555555557
2020-05-06,43295099999.0,"BANGALORE, IN",12.9666666,77.5833333,921.0,27.22222222222222,34.27777777777778,23.000000000000004,2.032,27.22222222222222
2020-05-07,43295099999.0,"BANGALORE, IN",12.9666666,77.5833333,921.0,26.944444444444443,33.611111111111114,23.111111111111107,0.254,26.944444444444443
2020-05-08,43295099999.0,"BANGALORE, IN",12.9666666,77.5833333,921.0,27.666666666666668,32.5,23.388888888888886,0.0,27.666666666666668
2020-05-09,43295099999.0,"BANGALORE, IN",12.9666666,77.5833333,921.0,29.055555555555557,34.0,23.77777777777778,0.0,29.055555555555557
2020-05-10,43295099999.0,"BANGALORE, IN",12.9666666,77.5833333,921.0,29.0,35.22222222222222,24.0,,29.0
2020-05-11,43295099999.0,"BANGALORE, IN",12.9666666,77.5833333,921.0,28.277777777777782,35.27777777777778,23.61111111111111,,28.277777777777782
2020-05-12,43295099999.0,"BANGALORE, IN",12.9666666,77.5833333,921.0,27.61111111111111,34.0,23.388888888888886,,27.61111111111111
2020-05-13,43295099999.0,"BANGALORE, IN",12.9666666,77.5833333,921.0,27.944444444444443,33.77777777777778,22.38888888888889,,27.944444444444443
2020-05-14,43295099999.0,"BANGALORE, IN",12.9666666,77.5833333,921.0,28.72222222222222,33.77777777777778,23.72222222222222,0.0,28.72222222222222
2020-05-15,43295099999.0,"BANGALORE, IN",12.9666666,77.5833333,921.0,29.0,34.888888888888886,24.0,0.0,29.0
2020-05-16,43295099999.0,"BANGALORE, IN",12.9666666,77.5833333,921.0,28.277777777777782,35.22222222222222,24.0,,28.277777777777782
2020-05-17,43295099999.0,"BANGALORE, IN",12.9666666,77.5833333,921.0,27.77777777777778,35.0,21.611111111111114,,27.77777777777778
2020-05-18,43295099999.0,"BANGALORE, IN",12.9666666,77.5833333,921.0,25.33333333333333,35.611111111111114,21.22222222222222,10.921999999999999,25.33333333333333
2020-05-19,43295099999.0,"BANGALORE, IN",12.9666666,77.5833333,921.0,26.666666666666668,31.61111111111111,22.61111111111111,0.0,26.666666666666668
2020-05-20,43295099999.0,"BANGALORE, IN",12.9666666,77.5833333,921.0,27.77777777777778,32.611111111111114,21.77777777777778,,27.77777777777778
2020-05-21,43295099999.0,"BANGALORE, IN",12.9666666,77.5833333,921.0,26.38888888888889,33.22222222222222,21.999999999999996,,26.38888888888889
2020-05-22,43295099999.0,"BANGALORE, IN",12.9666666,77.5833333,921.0,28.555555555555557,34.611111111111114,22.11111111111111,0.0,28.555555555555557
2020-05-23,43295099999.0,"BANGALORE, IN",12.9666666,77.5833333,921.0,28.72222222222222,35.27777777777778,22.88888888888889,0.0,28.72222222222222
2020-05-24,43295099999.0,"BANGALORE, IN",12.9666666,77.5833333,921.0,25.555555555555557,35.611111111111114,21.999999999999996,0.0,25.555555555555557
2020-05-25,43295099999.0,"BANGALORE, IN",12.9666666,77.5833333,921.0,26.666666666666668,34.388888888888886,21.999999999999996,35.306,26.666666666666668
2020-05-26,43295099999.0,"BANGALORE, IN",12.9666666,77.5833333,921.0,25.611111111111107,33.388888888888886,21.611111111111114,0.0,25.611111111111107
2020-05-27,43295099999.0,"BANGALORE, IN",12.9666666,77.5833333,921.0,24.111111111111114,32.888888888888886,20.888888888888886,30.987999999999996,24.111111111111114
2020-05-28,43295099999.0,"BANGALORE, IN",12.9666666,77.5833333,921.0,24.944444444444446,32.611111111111114,20.777777777777782,0.0,24.944444444444446
2020-05-29,43295099999.0,"BANGALORE, IN",12.9666666,77.5833333,921.0,24.055555555555557,32.388888888888886,20.611111111111107,4.3180000000000005,24.055555555555557
2020-05-30,43295099999.0,"BANGALORE, IN",12.9666666,77.5833333,921.0,24.555555555555557,32.611111111111114,20.222222222222225,24.383999999999997,24.555555555555557
2020-05-31,43295099999.0,"BANGALORE, IN",12.9666666,77.5833333,921.0,26.27777777777778,32.0,22.38888888888889,0.254,26.27777777777778
2020-06-01,43295099999.0,"BANGALORE, IN",12.9666666,77.5833333,921.0,25.944444444444443,32.77777777777778,22.38888888888889,0.0,25.944444444444443
2020-06-02,43295099999.0,"BANGALORE, IN",12.9666666,77.5833333,921.0,24.444444444444443,32.0,21.77777777777778,0.0,24.444444444444443
2020-06-03,43295099999.0,"BANGALORE, IN",12.9666666,77.5833333,921.0,24.66666666666667,28.77777777777778,21.22222222222222,0.0,24.66666666666667
2020-06-04,43295099999.0,"BANGALORE, IN",12.9666666,77.5833333,921.0,25.444444444444443,29.38888888888889,21.77777777777778,0.0,25.444444444444443
2020-06-05,43295099999.0,"BANGALORE, IN",12.9666666,77.5833333,921.0,25.72222222222222,30.38888888888889,21.611111111111114,0.0,25.72222222222222
2020-06-06,43295099999.0,"BANGALORE, IN",12.9666666,77.5833333,921.0,24.555555555555557,31.38888888888889,21.0,0.0,24.555555555555557
2020-06-07,43295099999.0,"BANGALORE, IN",12.9666666,77.5833333,921.0,24.499999999999996,30.38888888888889,20.777777777777782,20.32,24.499999999999996
2020-06-08,43295099999.0,"BANGALORE, IN",12.9666666,77.5833333,921.0,26.166666666666664,31.77777777777778,21.22222222222222,0.0,26.166666666666664
2020-06-09,43295099999.0,"BANGALORE, IN",12.9666666,77.5833333,921.0,25.444444444444443,32.5,21.611111111111114,0.0,25.444444444444443
2020-06-10,43295099999.0,"BANGALORE, IN",12.9666666,77.5833333,921.0,24.66666666666667,30.0,21.611111111111114,,24.66666666666667
2020-06-11,43295099999.0,"BANGALORE, IN",12.9666666,77.5833333,921.0,23.055555555555557,30.5,20.0,1.016,23.055555555555557
2020-06-12,43295099999.0,"BANGALORE, IN",12.9666666,77.5833333,921.0,23.000000000000004,27.61111111111111,19.777777777777775,20.574,23.000000000000004
2020-06-13,43295099999.0,"BANGALORE, IN",12.9666666,77.5833333,921.0,23.333333333333332,26.999999999999996,20.0,0.0,23.333333333333332
2020-06-14,43295099999.0,"BANGALORE, IN",12.9666666,77.5833333,921.0,23.944444444444443,28.388888888888886,21.0,1.778,23.944444444444443
2020-06-15,43295099999.0,"BANGALORE, IN",12.9666666,77.5833333,921.0,25.0,28.88888888888889,21.22222222222222,0.0,25.0
2020-06-16,43295099999.0,"BANGALORE, IN",12.9666666,77.5833333,921.0,24.833333333333332,34.27777777777778,21.77777777777778,2.032,24.833333333333332
2020-06-17,43295099999.0,"BANGALORE, IN",12.9666666,77.5833333,921.0,23.444444444444443,28.000000000000004,21.38888888888889,0.0,23.444444444444443
2020-06-18,43295099999.0,"BANGALORE, IN",12.9666666,77.5833333,921.0,23.277777777777782,27.22222222222222,20.611111111111107,0.0,23.277777777777782
2020-06-19,43295099999.0,"BANGALORE, IN",12.9666666,77.5833333,921.0,24.66666666666667,28.77777777777778,20.72222222222222,0.0,24.66666666666667
2020-06-20,43295099999.0,"BANGALORE, IN",12.9666666,77.5833333,921.0,25.166666666666668,29.61111111111111,21.22222222222222,0.0,25.166666666666668
2020-06-21,43295099999.0,"BANGALORE, IN",12.9666666,77.5833333,921.0,23.833333333333336,30.27777777777778,21.11111111111111,0.0,23.833333333333336
2020-06-22,43295099999.0,"BANGALORE, IN",12.9666666,77.5833333,921.0,23.444444444444443,29.0,21.0,0.254,23.444444444444443
2020-06-23,43295099999.0,"BANGALORE, IN",12.9666666,77.5833333,921.0,25.33333333333333,29.77777777777778,20.611111111111107,2.2859999999999996,25.33333333333333
2020-06-24,43295099999.0,"BANGALORE, IN",12.9666666,77.5833333,921.0,24.166666666666668,30.38888888888889,21.0,4.571999999999999,24.166666666666668
2020-06-25,43295099999.0,"BANGALORE, IN",12.9666666,77.5833333,921.0,23.72222222222222,31.38888888888889,20.611111111111107,22.098,23.72222222222222
2020-06-26,43295099999.0,"BANGALORE, IN",12.9666666,77.5833333,921.0,24.222222222222218,30.38888888888889,20.38888888888889,39.624,24.222222222222218
2020-06-27,43295099999.0,"BANGALORE, IN",12.9666666,77.5833333,921.0,24.388888888888893,29.22222222222222,21.0,0.0,24.388888888888893
2020-06-28,43295099999.0,"BANGALORE, IN",12.9666666,77.5833333,921.0,24.833333333333332,29.0,21.38888888888889,2.2859999999999996,24.833333333333332
2020-06-29,43295099999.0,"BANGALORE, IN",12.9666666,77.5833333,921.0,23.555555555555557,30.0,12.277777777777779,0.0,23.555555555555557
2020-06-30,43295099999.0,"BANGALORE, IN",12.9666666,77.5833333,921.0,24.61111111111111,29.0,21.0,1.27,24.61111111111111
2020-07-01,43295099999.0,"BANGALORE, IN",12.9666666,77.5833333,921.0,24.72222222222222,29.38888888888889,21.22222222222222,0.0,24.72222222222222
2020-07-02,43295099999.0,"BANGALORE, IN",12.9666666,77.5833333,921.0,22.444444444444446,28.388888888888886,21.0,10.921999999999999,22.444444444444446
2020-07-03,43295099999.0,"BANGALORE, IN",12.9666666,77.5833333,921.0,22.61111111111111,27.61111111111111,20.222222222222225,6.095999999999999,22.61111111111111
2020-07-04,43295099999.0,"BANGALORE, IN",12.9666666,77.5833333,921.0,22.83333333333333,28.388888888888886,20.0,0.0,22.83333333333333
2020-07-05,43295099999.0,"BANGALORE, IN",12.9666666,77.5833333,921.0,23.333333333333332,27.22222222222222,21.0,0.0,23.333333333333332
2020-07-06,43295099999.0,"BANGALORE, IN",12.9666666,77.5833333,921.0,23.111111111111107,27.61111111111111,20.611111111111107,0.508,23.111111111111107
2020-07-07,43295099999.0,"BANGALORE, IN",12.9666666,77.5833333,921.0,23.444444444444443,27.61111111111111,20.777777777777782,0.0,23.444444444444443
2020-07-08,43295099999.0,"BANGALORE, IN",12.9666666,77.5833333,921.0,22.88888888888889,28.61111111111111,20.611111111111107,7.365999999999999,22.88888888888889
2020-07-09,43295099999.0,"BANGALORE, IN",12.9666666,77.5833333,921.0,23.666666666666664,29.38888888888889,20.222222222222225,24.383999999999997,23.666666666666664
2020-07-10,43295099999.0,"BANGALORE, IN",12.9666666,77.5833333,921.0,23.111111111111107,28.77777777777778,20.611111111111107,29.209999999999997,23.111111111111107
2020-07-11,43295099999.0,"BANGALORE, IN",12.9666666,77.5833333,921.0,24.555555555555557,28.388888888888886,21.0,0.508,24.555555555555557
2020-07-12,43295099999.0,"BANGALORE, IN",12.9666666,77.5833333,921.0,25.055555555555554,29.38888888888889,21.0,0.254,25.055555555555554
2020-07-13,43295099999.0,"BANGALORE, IN",12.9666666,77.5833333,921.0,24.27777777777778,29.27777777777778,21.5,0.0,24.27777777777778
2020-07-14,43295099999.0,"BANGALORE, IN",12.9666666,77.5833333,921.0,23.833333333333336,29.38888888888889,21.38888888888889,0.0,23.833333333333336
2020-07-15,43295099999.0,"BANGALORE, IN",12.9666666,77.5833333,921.0,22.444444444444446,26.22222222222222,21.0,0.0,22.444444444444446
2020-07-16,43295099999.0,"BANGALORE, IN",12.9666666,77.5833333,921.0,21.77777777777778,26.0,20.611111111111107,6.604,21.77777777777778
2020-07-17,43295099999.0,"BANGALORE, IN",12.9666666,77.5833333,921.0,22.22222222222222,25.222222222222225,20.38888888888889,10.921999999999999,22.22222222222222
2020-07-18,43295099999.0,"BANGALORE, IN",12.9666666,77.5833333,921.0,23.388888888888886,26.38888888888889,20.888888888888886,0.0,23.388888888888886
2020-07-19,43295099999.0,"BANGALORE, IN",12.9666666,77.5833333,921.0,24.388888888888893,29.0,21.0,0.7619999999999999,24.388888888888893
2020-07-20,43295099999.0,"BANGALORE, IN",12.9666666,77.5833333,921.0,23.444444444444443,29.61111111111111,20.0,11.176,23.444444444444443
2020-07-21,43295099999.0,"BANGALORE, IN",12.9666666,77.5833333,921.0,24.499999999999996,29.61111111111111,19.0,24.13,24.499999999999996
2020-07-22,43295099999.0,"BANGALORE, IN",12.9666666,77.5833333,921.0,25.777777777777782,30.38888888888889,21.999999999999996,0.0,25.777777777777782
2020-07-23,43295099999.0,"BANGALORE, IN",12.9666666,77.5833333,921.0,25.055555555555554,31.0,21.999999999999996,0.508,25.055555555555554
2020-07-24,43295099999.0,"BANGALORE, IN",12.9666666,77.5833333,921.0,23.77777777777778,30.77777777777778,21.5,4.3180000000000005,23.77777777777778
2020-07-25,43295099999.0,"BANGALORE, IN",12.9666666,77.5833333,921.0,23.72222222222222,28.388888888888886,20.500000000000004,0.0,23.72222222222222
2020-07-26,43295099999.0,"BANGALORE, IN",12.9666666,77.5833333,921.0,23.555555555555557,29.38888888888889,20.38888888888889,4.064,23.555555555555557
2020-07-27,43295099999.0,"BANGALORE, IN",12.9666666,77.5833333,921.0,24.111111111111114,28.388888888888886,20.38888888888889,0.0,24.111111111111114
2020-07-28,43295099999.0,"BANGALORE, IN",12.9666666,77.5833333,921.0,24.66666666666667,29.0,20.611111111111107,2.2859999999999996,24.66666666666667
2020-07-29,43295099999.0,"BANGALORE, IN",12.9666666,77.5833333,921.0,22.88888888888889,29.5,21.22222222222222,7.874,22.88888888888889
2020-07-30,43295099999.0,"BANGALORE, IN",12.9666666,77.5833333,921.0,23.5,27.22222222222222,20.222222222222225,1.27,23.5
2020-07-31,43295099999.0,"BANGALORE, IN",12.9666666,77.5833333,921.0,23.944444444444443,28.61111111111111,21.38888888888889,4.064,23.944444444444443
2020-08-01,43295099999.0,"BANGALORE, IN",12.9666666,77.5833333,921.0,23.000000000000004,29.61111111111111,20.38888888888889,2.032,23.000000000000004
2020-08-02,43295099999.0,"BANGALORE, IN",12.9666666,77.5833333,921.0,22.83333333333333,28.000000000000004,20.38888888888889,3.302,22.83333333333333
2020-08-03,43295099999.0,"BANGALORE, IN",12.9666666,77.5833333,921.0,22.944444444444443,27.77777777777778,20.38888888888889,2.54,22.944444444444443
2020-08-04,43295099999.0,"BANGALORE, IN",12.9666666,77.5833333,921.0,21.944444444444443,26.0,20.27777777777778,1.5239999999999998,21.944444444444443
2020-08-05,43295099999.0,"BANGALORE, IN",12.9666666,77.5833333,921.0,22.11111111111111,25.222222222222225,19.777777777777775,1.778,22.11111111111111
2020-08-06,43295099999.0,"BANGALORE, IN",12.9666666,77.5833333,921.0,23.388888888888886,26.77777777777778,20.777777777777782,2.794,23.388888888888886
2020-08-07,43295099999.0,"BANGALORE, IN",12.9666666,77.5833333,921.0,23.444444444444443,27.77777777777778,21.38888888888889,1.27,23.444444444444443
2020-08-08,43295099999.0,"BANGALORE, IN",12.9666666,77.5833333,921.0,22.38888888888889,27.22222222222222,20.38888888888889,0.0,22.38888888888889
2020-08-09,43295099999.0,"BANGALORE, IN",12.9666666,77.5833333,921.0,21.77777777777778,27.38888888888889,20.222222222222225,2.2859999999999996,21.77777777777778
2020-08-10,43295099999.0,"BANGALORE, IN",12.9666666,77.5833333,921.0,21.944444444444443,26.0,19.499999999999996,12.191999999999998,21.944444444444443
2020-08-11,43295099999.0,"BANGALORE, IN",12.9666666,77.5833333,921.0,22.83333333333333,26.999999999999996,20.611111111111107,0.0,22.83333333333333
2020-08-12,43295099999.0,"BANGALORE, IN",12.9666666,77.5833333,921.0,23.388888888888886,28.000000000000004,20.500000000000004,5.08,23.388888888888886
2020-08-13,43295099999.0,"BANGALORE, IN",12.9666666,77.5833333,921.0,23.666666666666664,27.22222222222222,20.611111111111107,0.0,23.666666666666664
2020-08-14,43295099999.0,"BANGALORE, IN",12.9666666,77.5833333,921.0,22.722222222222225,28.000000000000004,20.222222222222225,,22.722222222222225
2020-08-15,43295099999.0,"BANGALORE, IN",12.9666666,77.5833333,921.0,22.38888888888889,25.611111111111107,20.38888888888889,0.0,22.38888888888889
2020-08-16,43295099999.0,"BANGALORE, IN",12.9666666,77.5833333,921.0,21.611111111111114,25.611111111111107,20.0,0.0,21.611111111111114
2020-08-17,43295099999.0,"BANGALORE, IN",12.9666666,77.5833333,921.0,22.22222222222222,25.611111111111107,20.11111111111111,0.254,22.22222222222222
2020-08-18,43295099999.0,"BANGALORE, IN",12.9666666,77.5833333,921.0,23.000000000000004,26.22222222222222,20.611111111111107,1.016,23.000000000000004
2020-08-19,43295099999.0,"BANGALORE, IN",12.9666666,77.5833333,921.0,23.111111111111107,26.38888888888889,20.38888888888889,0.0,23.111111111111107
2020-08-20,43295099999.0,"BANGALORE, IN",12.9666666,77.5833333,921.0,22.83333333333333,26.77777777777778,20.611111111111107,0.0,22.83333333333333
2020-08-21,43295099999.0,"BANGALORE, IN",12.9666666,77.5833333,921.0,24.055555555555557,26.77777777777778,21.0,,24.055555555555557
2020-08-22,43295099999.0,"BANGALORE, IN",12.9666666,77.5833333,921.0,24.111111111111114,28.000000000000004,20.611111111111107,9.906,24.111111111111114
2020-08-23,43295099999.0,"BANGALORE, IN",12.9666666,77.5833333,921.0,24.111111111111114,29.22222222222222,21.0,0.0,24.111111111111114
2020-08-24,43295099999.0,"BANGALORE, IN",12.9666666,77.5833333,921.0,24.111111111111114,27.77777777777778,20.888888888888886,2.032,24.111111111111114
2020-08-25,43295099999.0,"BANGALORE, IN",12.9666666,77.5833333,921.0,25.0,29.61111111111111,20.500000000000004,0.0,25.0
2020-08-26,43295099999.0,"BANGALORE, IN",12.9666666,77.5833333,921.0,25.611111111111107,30.22222222222222,21.999999999999996,0.0,25.611111111111107
2020-08-27,43295099999.0,"BANGALORE, IN",12.9666666,77.5833333,921.0,24.222222222222218,30.0,21.22222222222222,0.0,24.222222222222218
2020-08-28,43295099999.0,"BANGALORE, IN",12.9666666,77.5833333,921.0,25.33333333333333,29.77777777777778,20.38888888888889,0.0,25.33333333333333
2020-08-29,43295099999.0,"BANGALORE, IN",12.9666666,77.5833333,921.0,25.72222222222222,30.77777777777778,20.777777777777782,,25.72222222222222
2020-08-30,43295099999.0,"BANGALORE, IN",12.9666666,77.5833333,921.0,25.555555555555557,31.0,21.611111111111114,,25.555555555555557
2020-08-31,43295099999.0,"BANGALORE, IN",12.9666666,77.5833333,921.0,24.444444444444443,31.72222222222222,19.388888888888893,23.114,24.444444444444443
2020-09-01,43295099999.0,"BANGALORE, IN",12.9666666,77.5833333,921.0,24.0,29.77777777777778,20.0,18.796,24.0
2020-09-02,43295099999.0,"BANGALORE, IN",12.9666666,77.5833333,921.0,22.944444444444443,28.388888888888886,20.611111111111107,2.032,22.944444444444443
2020-09-03,43295099999.0,"BANGALORE, IN",12.9666666,77.5833333,921.0,23.833333333333336,28.000000000000004,20.500000000000004,29.717999999999996,23.833333333333336
2020-09-04,43295099999.0,"BANGALORE, IN",12.9666666,77.5833333,921.0,24.944444444444446,28.388888888888886,21.0,9.652,24.944444444444446
2020-09-05,43295099999.0,"BANGALORE, IN",12.9666666,77.5833333,921.0,24.833333333333332,29.22222222222222,22.277777777777775,0.0,24.833333333333332
2020-09-06,43295099999.0,"BANGALORE, IN",12.9666666,77.5833333,921.0,25.500000000000004,29.38888888888889,22.22222222222222,0.0,25.500000000000004
2020-09-07,43295099999.0,"BANGALORE, IN",12.9666666,77.5833333,921.0,24.388888888888893,30.5,20.500000000000004,0.0,24.388888888888893
2020-09-08,43295099999.0,"BANGALORE, IN",12.9666666,77.5833333,921.0,24.388888888888893,29.77777777777778,21.22222222222222,2.032,24.388888888888893
2020-09-09,43295099999.0,"BANGALORE, IN",12.9666666,77.5833333,921.0,23.944444444444443,30.22222222222222,20.38888888888889,60.959999999999994,23.944444444444443
2020-09-10,43295099999.0,"BANGALORE, IN",12.9666666,77.5833333,921.0,22.722222222222225,30.61111111111111,20.0,65.024,22.722222222222225
2020-09-11,43295099999.0,"BANGALORE, IN",12.9666666,77.5833333,921.0,22.055555555555557,27.61111111111111,19.88888888888889,0.0,22.055555555555557
2020-09-12,43295099999.0,"BANGALORE, IN",12.9666666,77.5833333,921.0,21.5,25.777777777777782,20.0,1.27,21.5
2020-09-13,43295099999.0,"BANGALORE, IN",12.9666666,77.5833333,921.0,21.611111111111114,25.500000000000004,19.72222222222222,17.525999999999996,21.611111111111114
2020-09-14,43295099999.0,"BANGALORE, IN",12.9666666,77.5833333,921.0,22.5,25.611111111111107,20.38888888888889,1.016,22.5
2020-09-15,43295099999.0,"BANGALORE, IN",12.9666666,77.5833333,921.0,22.77777777777778,26.5,20.222222222222225,0.0,22.77777777777778
2020-09-16,43295099999.0,"BANGALORE, IN",12.9666666,77.5833333,921.0,23.277777777777782,26.22222222222222,20.222222222222225,0.254,23.277777777777782
2020-09-17,43295099999.0,"BANGALORE, IN",12.9666666,77.5833333,921.0,23.833333333333336,26.999999999999996,21.0,0.0,23.833333333333336
2020-09-18,43295099999.0,"BANGALORE, IN",12.9666666,77.5833333,921.0,24.0,28.22222222222222,20.777777777777782,0.254,24.0
2020-09-19,43295099999.0,"BANGALORE, IN",12.9666666,77.5833333,921.0,22.11111111111111,28.388888888888886,20.38888888888889,0.0,22.11111111111111
2020-09-20,43295099999.0,"BANGALORE, IN",12.9666666,77.5833333,921.0,20.444444444444443,25.777777777777782,19.61111111111111,20.827999999999996,20.444444444444443
2020-09-21,43295099999.0,"BANGALORE, IN",12.9666666,77.5833333,921.0,22.11111111111111,26.0,19.0,11.43,22.11111111111111
2020-09-22,43295099999.0,"BANGALORE, IN",12.9666666,77.5833333,921.0,21.722222222222218,26.611111111111114,19.61111111111111,0.0,21.722222222222218
2020-09-23,43295099999.0,"BANGALORE, IN",12.9666666,77.5833333,921.0,22.77777777777778,26.22222222222222,18.61111111111111,0.0,22.77777777777778
2020-09-24,43295099999.0,"BANGALORE, IN",12.9666666,77.5833333,921.0,23.666666666666664,27.61111111111111,20.0,,23.666666666666664
2020-09-25,43295099999.0,"BANGALORE, IN",12.9666666,77.5833333,921.0,24.27777777777778,28.388888888888886,20.888888888888886,0.508,24.27777777777778
2020-09-26,43295099999.0,"BANGALORE, IN",12.9666666,77.5833333,921.0,22.77777777777778,29.61111111111111,20.611111111111107,3.0479999999999996,22.77777777777778
2020-09-27,43295099999.0,"BANGALORE, IN",12.9666666,77.5833333,921.0,23.277777777777782,26.0,20.500000000000004,0.0,23.277777777777782
2020-09-28,43295099999.0,"BANGALORE, IN",12.9666666,77.5833333,921.0,24.055555555555557,26.999999999999996,20.611111111111107,0.254,24.055555555555557
2020-09-29,43295099999.0,"BANGALORE, IN",12.9666666,77.5833333,921.0,22.38888888888889,28.111111111111107,19.61111111111111,14.985999999999999,22.38888888888889
2020-09-30,43295099999.0,"BANGALORE, IN",12.9666666,77.5833333,921.0,22.333333333333332,27.77777777777778,19.0,54.356,22.333333333333332
2020-10-01,43295099999.0,"BANGALORE, IN",12.9666666,77.5833333,921.0,23.5,26.611111111111114,19.499999999999996,0.0,23.5
2020-10-02,43295099999.0,"BANGALORE, IN",12.9666666,77.5833333,921.0,24.66666666666667,28.388888888888886,21.0,0.0,24.66666666666667
2020-10-03,43295099999.0,"BANGALORE, IN",12.9666666,77.5833333,921.0,23.5,29.61111111111111,20.777777777777782,0.508,23.5
2020-10-04,43295099999.0,"BANGALORE, IN",12.9666666,77.5833333,921.0,22.5,28.388888888888886,20.0,0.0,22.5
2020-10-05,43295099999.0,"BANGALORE, IN",12.9666666,77.5833333,921.0,23.555555555555557,26.999999999999996,19.0,0.254,23.555555555555557
2020-10-06,43295099999.0,"BANGALORE, IN",12.9666666,77.5833333,921.0,25.11111111111111,30.0,20.222222222222225,0.0,25.11111111111111
2020-10-07,43295099999.0,"BANGALORE, IN",12.9666666,77.5833333,921.0,25.0,31.27777777777778,21.888888888888893,,25.0
2020-10-08,43295099999.0,"BANGALORE, IN",12.9666666,77.5833333,921.0,25.72222222222222,30.38888888888889,21.22222222222222,,25.72222222222222
2020-10-09,43295099999.0,"BANGALORE, IN",12.9666666,77.5833333,921.0,23.72222222222222,31.22222222222222,19.777777777777775,0.0,23.72222222222222
2020-10-10,43295099999.0,"BANGALORE, IN",12.9666666,77.5833333,921.0,23.111111111111107,30.0,18.61111111111111,23.622,23.111111111111107
2020-10-11,43295099999.0,"BANGALORE, IN",12.9666666,77.5833333,921.0,21.666666666666668,28.22222222222222,20.222222222222225,51.053999999999995,21.666666666666668
2020-10-12,43295099999.0,"BANGALORE, IN",12.9666666,77.5833333,921.0,21.77777777777778,24.388888888888893,20.0,3.0479999999999996,21.77777777777778
2020-10-13,43295099999.0,"BANGALORE, IN",12.9666666,77.5833333,921.0,21.22222222222222,25.38888888888889,20.0,5.08,21.22222222222222
2020-10-14,43295099999.0,"BANGALORE, IN",12.9666666,77.5833333,921.0,21.5,24.61111111111111,19.777777777777775,0.508,21.5
2020-10-15,43295099999.0,"BANGALORE, IN",12.9666666,77.5833333,921.0,22.5,26.22222222222222,19.222222222222218,0.0,22.5
2020-10-16,43295099999.0,"BANGALORE, IN",12.9666666,77.5833333,921.0,23.444444444444443,27.77777777777778,19.0,0.0,23.444444444444443
2020-10-17,43295099999.0,"BANGALORE, IN",12.9666666,77.5833333,921.0,23.555555555555557,28.77777777777778,20.0,,23.555555555555557
2020-10-18,43295099999.0,"BANGALORE, IN",12.9666666,77.5833333,921.0,23.77777777777778,28.000000000000004,20.777777777777782,0.254,23.77777777777778
2020-10-19,43295099999.0,"BANGALORE, IN",12.9666666,77.5833333,921.0,23.277777777777782,28.000000000000004,21.0,1.778,23.277777777777782
2020-10-20,43295099999.0,"BANGALORE, IN",12.9666666,77.5833333,921.0,22.88888888888889,26.611111111111114,20.777777777777782,3.8099999999999996,22.88888888888889
2020-10-21,43295099999.0,"BANGALORE, IN",12.9666666,77.5833333,921.0,22.722222222222225,26.22222222222222,20.38888888888889,67.056,22.722222222222225
2020-10-22,43295099999.0,"BANGALORE, IN",12.9666666,77.5833333,921.0,22.22222222222222,26.38888888888889,20.611111111111107,5.334,22.22222222222222
2020-10-23,43295099999.0,"BANGALORE, IN",12.9666666,77.5833333,921.0,21.0,27.5,17.38888888888889,17.525999999999996,21.0
2020-10-24,43295099999.0,"BANGALORE, IN",12.9666666,77.5833333,921.0,21.999999999999996,26.999999999999996,17.0,17.272000000000002,21.999999999999996
2020-10-25,43295099999.0,"BANGALORE, IN",12.9666666,77.5833333,921.0,23.5,27.22222222222222,20.222222222222225,0.0,23.5
2020-10-26,43295099999.0,"BANGALORE, IN",12.9666666,77.5833333,921.0,23.61111111111111,29.38888888888889,19.388888888888893,7.874,23.61111111111111
2020-10-27,43295099999.0,"BANGALORE, IN",12.9666666,77.5833333,921.0,23.666666666666664,30.0,19.0,0.0,23.666666666666664
2020-10-28,43295099999.0,"BANGALORE, IN",12.9666666,77.5833333,921.0,23.277777777777782,29.61111111111111,19.0,,23.277777777777782
2020-10-29,43295099999.0,"BANGALORE, IN",12.9666666,77.5833333,921.0,21.944444444444443,28.88888888888889,18.22222222222222,0.0,21.944444444444443
2020-10-30,43295099999.0,"BANGALORE, IN",12.9666666,77.5833333,921.0,22.88888888888889,27.61111111111111,17.77777777777778,0.0,22.88888888888889
2020-10-31,43295099999.0,"BANGALORE, IN",12.9666666,77.5833333,921.0,24.111111111111114,28.77777777777778,18.5,,24.111111111111114
2020-11-01,43295099999.0,"BANGALORE, IN",12.9666666,77.5833333,921.0,24.777777777777775,30.38888888888889,19.0,0.0,24.777777777777775
2020-11-02,43295099999.0,"BANGALORE, IN",12.9666666,77.5833333,921.0,24.333333333333332,31.5,20.38888888888889,0.254,24.333333333333332
2020-11-03,43295099999.0,"BANGALORE, IN",12.9666666,77.5833333,921.0,24.72222222222222,29.0,19.777777777777775,0.0,24.72222222222222
2020-11-04,43295099999.0,"BANGALORE, IN",12.9666666,77.5833333,921.0,24.499999999999996,29.88888888888889,20.500000000000004,,24.499999999999996
2020-11-05,43295099999.0,"BANGALORE, IN",12.9666666,77.5833333,921.0,24.333333333333332,29.38888888888889,21.0,11.937999999999999,24.333333333333332
2020-11-06,43295099999.0,"BANGALORE, IN",12.9666666,77.5833333,921.0,23.77777777777778,30.38888888888889,20.777777777777782,0.0,23.77777777777778
2020-11-07,43295099999.0,"BANGALORE, IN",12.9666666,77.5833333,921.0,23.388888888888886,29.22222222222222,20.222222222222225,0.0,23.388888888888886
2020-11-08,43295099999.0,"BANGALORE, IN",12.9666666,77.5833333,921.0,23.388888888888886,30.22222222222222,20.777777777777782,,23.388888888888886
2020-11-09,43295099999.0,"BANGALORE, IN",12.9666666,77.5833333,921.0,22.722222222222225,27.77777777777778,18.388888888888886,,22.722222222222225
2020-11-10,43295099999.0,"BANGALORE, IN",12.9666666,77.5833333,921.0,21.333333333333336,28.61111111111111,16.0,,21.333333333333336
2020-11-11,43295099999.0,"BANGALORE, IN",12.9666666,77.5833333,921.0,22.722222222222225,28.72222222222222,16.5,,22.722222222222225
2020-11-12,43295099999.0,"BANGALORE, IN",12.9666666,77.5833333,921.0,23.666666666666664,28.388888888888886,20.0,,23.666666666666664
2020-11-13,43295099999.0,"BANGALORE, IN",12.9666666,77.5833333,921.0,22.055555555555557,28.000000000000004,20.38888888888889,0.0,22.055555555555557
2020-11-14,43295099999.0,"BANGALORE, IN",12.9666666,77.5833333,921.0,22.83333333333333,27.38888888888889,20.0,8.889999999999999,22.83333333333333
2020-11-15,43295099999.0,"BANGALORE, IN",12.9666666,77.5833333,921.0,21.555555555555557,28.22222222222222,19.111111111111114,0.0,21.555555555555557
2020-11-16,43295099999.0,"BANGALORE, IN",12.9666666,77.5833333,921.0,21.555555555555557,24.61111111111111,20.222222222222225,9.906,21.555555555555557
2020-11-17,43295099999.0,"BANGALORE, IN",12.9666666,77.5833333,921.0,22.22222222222222,25.0,19.388888888888893,21.081999999999997,22.22222222222222
2020-11-18,43295099999.0,"BANGALORE, IN",12.9666666,77.5833333,921.0,22.83333333333333,28.277777777777782,19.222222222222218,0.0,22.83333333333333
2020-11-19,43295099999.0,"BANGALORE, IN",12.9666666,77.5833333,921.0,22.88888888888889,28.277777777777782,20.0,,22.88888888888889
2020-11-20,43295099999.0,"BANGALORE, IN",12.9666666,77.5833333,921.0,22.16666666666667,28.111111111111107,18.61111111111111,,22.16666666666667
2020-11-21,43295099999.0,"BANGALORE, IN",12.9666666,77.5833333,921.0,21.944444444444443,28.77777777777778,17.0,,21.944444444444443
2020-11-22,43295099999.0,"BANGALORE, IN",12.9666666,77.5833333,921.0,21.444444444444443,29.61111111111111,14.777777777777779,,21.444444444444443
2020-11-23,43295099999.0,"BANGALORE, IN",12.9666666,77.5833333,921.0,22.38888888888889,28.22222222222222,17.38888888888889,,22.38888888888889
2020-11-24,43295099999.0,"BANGALORE, IN",12.9666666,77.5833333,921.0,21.77777777777778,27.61111111111111,18.72222222222222,,21.77777777777778
2020-11-25,43295099999.0,"BANGALORE, IN",12.9666666,77.5833333,921.0,21.11111111111111,26.611111111111114,18.388888888888886,,21.11111111111111
2020-11-26,43295099999.0,"BANGALORE, IN",12.9666666,77.5833333,921.0,19.444444444444443,23.77777777777778,18.388888888888886,2.032,19.444444444444443
2020-11-27,43295099999.0,"BANGALORE, IN",12.9666666,77.5833333,921.0,19.66666666666667,22.61111111111111,17.77777777777778,13.208,19.66666666666667
2020-11-28,43295099999.0,"BANGALORE, IN",12.9666666,77.5833333,921.0,21.5,24.61111111111111,17.0,0.254,21.5
2020-11-29,43295099999.0,"BANGALORE, IN",12.9666666,77.5833333,921.0,21.555555555555557,25.611111111111107,19.0,0.0,21.555555555555557
2020-11-30,43295099999.0,"BANGALORE, IN",12.9666666,77.5833333,921.0,21.944444444444443,26.0,18.388888888888886,0.0,21.944444444444443
2020-12-01,43295099999.0,"BANGALORE, IN",12.9666666,77.5833333,921.0,21.055555555555557,26.999999999999996,17.0,,21.055555555555557
2020-12-02,43295099999.0,"BANGALORE, IN",12.9666666,77.5833333,921.0,20.833333333333332,26.611111111111114,16.72222222222222,,20.833333333333332
2020-12-03,43295099999.0,"BANGALORE, IN",12.9666666,77.5833333,921.0,19.944444444444446,26.38888888888889,18.000000000000004,2.2859999999999996,19.944444444444446
2020-12-04,43295099999.0,"BANGALORE, IN",12.9666666,77.5833333,921.0,20.777777777777782,22.22222222222222,19.222222222222218,1.778,20.777777777777782
2020-12-05,43295099999.0,"BANGALORE, IN",12.9666666,77.5833333,921.0,21.0,23.22222222222222,19.388888888888893,0.7619999999999999,21.0
2020-12-06,43295099999.0,"BANGALORE, IN",12.9666666,77.5833333,921.0,20.944444444444443,24.0,18.5,1.27,20.944444444444443
2020-12-07,43295099999.0,"BANGALORE, IN",12.9666666,77.5833333,921.0,21.722222222222218,25.222222222222225,19.388888888888893,7.619999999999999,21.722222222222218
2020-12-08,43295099999.0,"BANGALORE, IN",12.9666666,77.5833333,921.0,21.333333333333336,26.22222222222222,19.499999999999996,5.588,21.333333333333336
2020-12-09,43295099999.0,"BANGALORE, IN",12.9666666,77.5833333,921.0,21.722222222222218,25.0,19.388888888888893,0.7619999999999999,21.722222222222218
2020-12-10,43295099999.0,"BANGALORE, IN",12.9666666,77.5833333,921.0,21.333333333333336,26.999999999999996,16.38888888888889,0.0,21.333333333333336
2020-12-11,43295099999.0,"BANGALORE, IN",12.9666666,77.5833333,921.0,21.166666666666664,28.388888888888886,16.61111111111111,,21.166666666666664
2020-12-12,43295099999.0,"BANGALORE, IN",12.9666666,77.5833333,921.0,20.444444444444443,29.27777777777778,15.38888888888889,,20.444444444444443
2020-12-13,43295099999.0,"BANGALORE, IN",12.9666666,77.5833333,921.0,21.166666666666664,28.000000000000004,17.0,,21.166666666666664
2020-12-14,43295099999.0,"BANGALORE, IN",12.9666666,77.5833333,921.0,20.833333333333332,27.5,17.22222222222222,,20.833333333333332
2020-12-15,43295099999.0,"BANGALORE, IN",12.9666666,77.5833333,921.0,21.27777777777778,27.77777777777778,16.38888888888889,,21.27777777777778
2020-12-16,43295099999.0,"BANGALORE, IN",12.9666666,77.5833333,921.0,21.77777777777778,26.999999999999996,18.000000000000004,0.0,21.77777777777778
2020-12-17,43295099999.0,"BANGALORE, IN",12.9666666,77.5833333,921.0,21.666666666666668,26.77777777777778,19.499999999999996,0.254,21.666666666666668
2020-12-18,43295099999.0,"BANGALORE, IN",12.9666666,77.5833333,921.0,22.11111111111111,26.77777777777778,18.388888888888886,0.0,22.11111111111111
2020-12-19,43295099999.0,"BANGALORE, IN",12.9666666,77.5833333,921.0,20.444444444444443,28.000000000000004,17.22222222222222,,20.444444444444443
2020-12-20,43295099999.0,"BANGALORE, IN",12.9666666,77.5833333,921.0,20.27777777777778,25.611111111111107,17.0,,20.27777777777778
2020-12-21,43295099999.0,"BANGALORE, IN",12.9666666,77.5833333,921.0,19.66666666666667,25.72222222222222,14.5,,19.66666666666667
2020-12-22,43295099999.0,"BANGALORE, IN",12.9666666,77.5833333,921.0,20.611111111111107,27.38888888888889,14.38888888888889,,20.611111111111107
2020-12-23,43295099999.0,"BANGALORE, IN",12.9666666,77.5833333,921.0,21.166666666666664,28.77777777777778,16.61111111111111,,21.166666666666664
2020-12-24,43295099999.0,"BANGALORE, IN",12.9666666,77.5833333,921.0,21.666666666666668,27.5,17.38888888888889,,21.666666666666668
2020-12-25,43295099999.0,"BANGALORE, IN",12.9666666,77.5833333,921.0,21.166666666666664,28.22222222222222,17.38888888888889,,21.166666666666664
2020-12-26,43295099999.0,"BANGALORE, IN",12.9666666,77.5833333,921.0,21.166666666666664,29.0,16.0,,21.166666666666664
2020-12-27,43295099999.0,"BANGALORE, IN",12.9666666,77.5833333,921.0,21.444444444444443,28.388888888888886,15.222222222222221,,21.444444444444443
2020-12-28,43295099999.0,"BANGALORE, IN",12.9666666,77.5833333,921.0,21.166666666666664,29.77777777777778,16.38888888888889,,21.166666666666664
2020-12-29,43295099999.0,"BANGALORE, IN",12.9666666,77.5833333,921.0,22.5,29.77777777777778,16.38888888888889,,22.5
2020-12-30,43295099999.0,"BANGALORE, IN",12.9666666,77.5833333,921.0,22.83333333333333,29.0,18.388888888888886,,22.83333333333333
2020-12-31,43295099999.0,"BANGALORE, IN",12.9666666,77.5833333,921.0,21.055555555555557,29.61111111111111,18.77777777777778,0.0,21.055555555555557
2021-01-01,43295099999.0,"BANGALORE, IN",12.9666666,77.5833333,921.0,20.555555555555557,25.27777777777778,16.61111111111111,0.508,20.555555555555557
2021-01-02,43295099999.0,"BANGALORE, IN",12.9666666,77.5833333,921.0,20.944444444444443,26.0,16.61111111111111,,20.944444444444443
2021-01-03,43295099999.0,"BANGALORE, IN",12.9666666,77.5833333,921.0,21.888888888888893,26.0,18.77777777777778,0.0,21.888888888888893
2021-01-04,43295099999.0,"BANGALORE, IN",12.9666666,77.5833333,921.0,20.833333333333332,27.61111111111111,19.0,0.0,20.833333333333332
2021-01-05,43295099999.0,"BANGALORE, IN",12.9666666,77.5833333,921.0,21.944444444444443,26.22222222222222,18.72222222222222,0.0,21.944444444444443
2021-01-06,43295099999.0,"BANGALORE, IN",12.9666666,77.5833333,921.0,21.22222222222222,27.277777777777775,20.0,10.921999999999999,21.22222222222222
2021-01-07,43295099999.0,"BANGALORE, IN",12.9666666,77.5833333,921.0,21.555555555555557,25.38888888888889,19.111111111111114,0.508,21.555555555555557
2021-01-08,43295099999.0,"BANGALORE, IN",12.9666666,77.5833333,921.0,22.277777777777775,26.999999999999996,20.0,0.0,22.277777777777775
2021-01-09,43295099999.0,"BANGALORE, IN",12.9666666,77.5833333,921.0,21.38888888888889,26.999999999999996,19.222222222222218,0.0,21.38888888888889
2021-01-10,43295099999.0,"BANGALORE, IN",12.9666666,77.5833333,921.0,22.16666666666667,26.22222222222222,18.61111111111111,0.0,22.16666666666667
2021-01-11,43295099999.0,"BANGALORE, IN",12.9666666,77.5833333,921.0,21.611111111111114,26.888888888888893,19.388888888888893,0.0,21.611111111111114
2021-01-12,43295099999.0,"BANGALORE, IN",12.9666666,77.5833333,921.0,20.444444444444443,25.38888888888889,18.22222222222222,,20.444444444444443
2021-01-13,43295099999.0,"BANGALORE, IN",12.9666666,77.5833333,921.0,21.27777777777778,26.0,16.77777777777778,,21.27777777777778
2021-01-14,43295099999.0,"BANGALORE, IN",12.9666666,77.5833333,921.0,20.833333333333332,27.722222222222225,16.38888888888889,0.0,20.833333333333332
2021-01-15,43295099999.0,"BANGALORE, IN",12.9666666,77.5833333,921.0,21.833333333333332,25.38888888888889,17.27777777777778,0.0,21.833333333333332
2021-01-16,43295099999.0,"BANGALORE, IN",12.9666666,77.5833333,921.0,22.16666666666667,27.38888888888889,18.111111111111107,,22.16666666666667
2021-01-17,43295099999.0,"BANGALORE, IN",12.9666666,77.5833333,921.0,22.22222222222222,29.22222222222222,17.0,,22.22222222222222
2021-01-18,43295099999.0,"BANGALORE, IN",12.9666666,77.5833333,921.0,21.77777777777778,29.61111111111111,15.5,,21.77777777777778
2021-01-19,43295099999.0,"BANGALORE, IN",12.9666666,77.5833333,921.0,21.77777777777778,28.77777777777778,16.11111111111111,,21.77777777777778
2021-01-20,43295099999.0,"BANGALORE, IN",12.9666666,77.5833333,921.0,22.722222222222225,28.388888888888886,16.0,,22.722222222222225
2021-01-21,43295099999.0,"BANGALORE, IN",12.9666666,77.5833333,921.0,23.77777777777778,31.11111111111111,17.0,,23.77777777777778
2021-01-22,43295099999.0,"BANGALORE, IN",12.9666666,77.5833333,921.0,23.833333333333336,31.11111111111111,20.0,,23.833333333333336
2021-01-23,43295099999.0,"BANGALORE, IN",12.9666666,77.5833333,921.0,22.5,30.27777777777778,18.000000000000004,,22.5
2021-01-24,43295099999.0,"BANGALORE, IN",12.9666666,77.5833333,921.0,21.944444444444443,29.22222222222222,17.0,,21.944444444444443
2021-01-25,43295099999.0,"BANGALORE, IN",12.9666666,77.5833333,921.0,21.555555555555557,29.5,16.27777777777778,,21.555555555555557
2021-01-26,43295099999.0,"BANGALORE, IN",12.9666666,77.5833333,921.0,21.944444444444443,29.38888888888889,15.38888888888889,,21.944444444444443
2021-01-27,43295099999.0,"BANGALORE, IN",12.9666666,77.5833333,921.0,21.722222222222218,30.77777777777778,15.38888888888889,,21.722222222222218
2021-01-28,43295099999.0,"BANGALORE, IN",12.9666666,77.5833333,921.0,21.611111111111114,30.22222222222222,16.0,,21.611111111111114
2021-01-29,43295099999.0,"BANGALORE, IN",12.9666666,77.5833333,921.0,22.444444444444446,28.388888888888886,18.000000000000004,,22.444444444444446
2021-01-30,43295099999.0,"BANGALORE, IN",12.9666666,77.5833333,921.0,22.83333333333333,29.27777777777778,17.38888888888889,,22.83333333333333
2021-01-31,43295099999.0,"BANGALORE, IN",12.9666666,77.5833333,921.0,22.722222222222225,29.77777777777778,17.22222222222222,,22.722222222222225
2021-02-01,43295099999.0,"BANGALORE, IN",12.9666666,77.5833333,921.0,22.77777777777778,30.11111111111111,16.77777777777778,,22.77777777777778
2021-02-02,43295099999.0,"BANGALORE, IN",12.9666666,77.5833333,921.0,22.055555555555557,29.61111111111111,16.77777777777778,,22.055555555555557
2021-02-03,43295099999.0,"BANGALORE, IN",12.9666666,77.5833333,921.0,21.77777777777778,28.61111111111111,17.88888888888889,,21.77777777777778
2021-02-04,43295099999.0,"BANGALORE, IN",12.9666666,77.5833333,921.0,22.055555555555557,28.5,16.11111111111111,,22.055555555555557
2021-02-05,43295099999.0,"BANGALORE, IN",12.9666666,77.5833333,921.0,22.16666666666667,29.38888888888889,15.38888888888889,,22.16666666666667
2021-02-06,43295099999.0,"BANGALORE, IN",12.9666666,77.5833333,921.0,22.38888888888889,30.38888888888889,15.61111111111111,,22.38888888888889
2021-02-07,43295099999.0,"BANGALORE, IN",12.9666666,77.5833333,921.0,22.277777777777775,30.38888888888889,15.0,,22.277777777777775
2021-02-08,43295099999.0,"BANGALORE, IN",12.9666666,77.5833333,921.0,22.055555555555557,30.11111111111111,16.11111111111111,,22.055555555555557
2021-02-09,43295099999.0,"BANGALORE, IN",12.9666666,77.5833333,921.0,20.611111111111107,29.77777777777778,14.88888888888889,,20.611111111111107
2021-02-10,43295099999.0,"BANGALORE, IN",12.9666666,77.5833333,921.0,21.722222222222218,28.61111111111111,14.38888888888889,,21.722222222222218
2021-02-11,43295099999.0,"BANGALORE, IN",12.9666666,77.5833333,921.0,,,,,22.041666666666664
2021-02-12,43295099999.0,"BANGALORE, IN",12.9666666,77.5833333,921.0,,,,,22.36111111111111
2021-02-13,43295099999.0,"BANGALORE, IN",12.9666666,77.5833333,921.0,,,,,22.680555555555557
2021-02-14,43295099999.0,"BANGALORE, IN",12.9666666,77.5833333,921.0,23.000000000000004,31.0,16.22222222222222,,23.000000000000004
2021-02-15,43295099999.0,"BANGALORE, IN",12.9666666,77.5833333,921.0,24.0,31.5,17.88888888888889,,24.0
2021-02-16,43295099999.0,"BANGALORE, IN",12.9666666,77.5833333,921.0,23.944444444444443,32.0,18.388888888888886,,23.944444444444443
2021-02-17,43295099999.0,"BANGALORE, IN",12.9666666,77.5833333,921.0,23.77777777777778,31.38888888888889,18.388888888888886,,23.77777777777778
2021-02-18,43295099999.0,"BANGALORE, IN",12.9666666,77.5833333,921.0,22.83333333333333,31.22222222222222,18.000000000000004,,22.83333333333333
2021-02-19,43295099999.0,"BANGALORE, IN",12.9666666,77.5833333,921.0,22.83333333333333,29.27777777777778,18.22222222222222,,22.83333333333333
2021-02-20,43295099999.0,"BANGALORE, IN",12.9666666,77.5833333,921.0,,,,,21.694444444444443
2021-02-21,43295099999.0,"BANGALORE, IN",12.9666666,77.5833333,921.0,20.555555555555557,22.22222222222222,19.0,3.0479999999999996,20.555555555555557
2021-02-22,43295099999.0,"BANGALORE, IN",12.9666666,77.5833333,921.0,22.77777777777778,28.000000000000004,18.111111111111107,,22.77777777777778
2021-02-23,43295099999.0,"BANGALORE, IN",12.9666666,77.5833333,921.0,24.499999999999996,30.38888888888889,18.22222222222222,,24.499999999999996
2021-02-24,43295099999.0,"BANGALORE, IN",12.9666666,77.5833333,921.0,24.444444444444443,31.11111111111111,18.000000000000004,,24.444444444444443
2021-02-25,43295099999.0,"BANGALORE, IN",12.9666666,77.5833333,921.0,25.33333333333333,32.0,17.38888888888889,,25.33333333333333
2021-02-26,43295099999.0,"BANGALORE, IN",12.9666666,77.5833333,921.0,25.833333333333332,33.0,18.388888888888886,,25.833333333333332
2021-02-27,43295099999.0,"BANGALORE, IN",12.9666666,77.5833333,921.0,26.166666666666664,34.111111111111114,19.0,,26.166666666666664
2021-02-28,43295099999.0,"BANGALORE, IN",12.9666666,77.5833333,921.0,26.0,33.77777777777778,20.0,,26.0
2021-03-01,43295099999.0,"BANGALORE, IN",12.9666666,77.5833333,921.0,25.38888888888889,33.77777777777778,17.38888888888889,,25.38888888888889
2021-03-02,43295099999.0,"BANGALORE, IN",12.9666666,77.5833333,921.0,25.27777777777778,33.611111111111114,18.388888888888886,,25.27777777777778
2021-03-03,43295099999.0,"BANGALORE, IN",12.9666666,77.5833333,921.0,25.0,32.5,18.22222222222222,,25.0
2021-03-04,43295099999.0,"BANGALORE, IN",12.9666666,77.5833333,921.0,24.555555555555557,32.27777777777778,16.5,,24.555555555555557
2021-03-05,43295099999.0,"BANGALORE, IN",12.9666666,77.5833333,921.0,24.88888888888889,32.0,16.72222222222222,,24.88888888888889
2021-03-06,43295099999.0,"BANGALORE, IN",12.9666666,77.5833333,921.0,26.666666666666668,34.388888888888886,18.388888888888886,,26.666666666666668
2021-03-07,43295099999.0,"BANGALORE, IN",12.9666666,77.5833333,921.0,26.5,35.888888888888886,17.5,,26.5
2021-03-08,43295099999.0,"BANGALORE, IN",12.9666666,77.5833333,921.0,26.0,33.77777777777778,19.0,,26.0
2021-03-09,43295099999.0,"BANGALORE, IN",12.9666666,77.5833333,921.0,25.555555555555557,33.5,18.72222222222222,,25.555555555555557
2021-03-10,43295099999.0,"BANGALORE, IN",12.9666666,77.5833333,921.0,26.999999999999996,33.611111111111114,19.499999999999996,,26.999999999999996
2021-03-11,43295099999.0,"BANGALORE, IN",12.9666666,77.5833333,921.0,25.944444444444443,33.0,20.27777777777778,,25.944444444444443
2021-03-12,43295099999.0,"BANGALORE, IN",12.9666666,77.5833333,921.0,25.444444444444443,33.388888888888886,19.61111111111111,,25.444444444444443
2021-03-13,43295099999.0,"BANGALORE, IN",12.9666666,77.5833333,921.0,25.11111111111111,32.611111111111114,16.72222222222222,,25.11111111111111
2021-03-14,43295099999.0,"BANGALORE, IN",12.9666666,77.5833333,921.0,26.0,33.0,18.61111111111111,,26.0
2021-03-15,43295099999.0,"BANGALORE, IN",12.9666666,77.5833333,921.0,26.5,33.77777777777778,18.000000000000004,,26.5
2021-03-16,43295099999.0,"BANGALORE, IN",12.9666666,77.5833333,921.0,26.77777777777778,34.0,19.777777777777775,,26.77777777777778
2021-03-17,43295099999.0,"BANGALORE, IN",12.9666666,77.5833333,921.0,26.22222222222222,34.388888888888886,19.499999999999996,,26.22222222222222
2021-03-18,43295099999.0,"BANGALORE, IN",12.9666666,77.5833333,921.0,26.27777777777778,33.611111111111114,19.777777777777775,,26.27777777777778
2021-03-19,43295099999.0,"BANGALORE, IN",12.9666666,77.5833333,921.0,26.22222222222222,33.611111111111114,19.61111111111111,,26.22222222222222
2021-03-20,43295099999.0,"BANGALORE, IN",12.9666666,77.5833333,921.0,26.333333333333336,33.77777777777778,19.61111111111111,,26.333333333333336
2021-03-21,43295099999.0,"BANGALORE, IN",12.9666666,77.5833333,921.0,26.5,34.22222222222222,19.72222222222222,,26.5
2021-03-22,43295099999.0,"BANGALORE, IN",12.9666666,77.5833333,921.0,26.833333333333332,34.611111111111114,18.77777777777778,,26.833333333333332
2021-03-23,43295099999.0,"BANGALORE, IN",12.9666666,77.5833333,921.0,27.77777777777778,34.77777777777778,20.72222222222222,,27.77777777777778
2021-03-24,43295099999.0,"BANGALORE, IN",12.9666666,77.5833333,921.0,27.61111111111111,35.611111111111114,20.777777777777782,,27.61111111111111
2021-03-25,43295099999.0,"BANGALORE, IN",12.9666666,77.5833333,921.0,28.166666666666668,34.611111111111114,21.611111111111114,,28.166666666666668
2021-03-26,43295099999.0,"BANGALORE, IN",12.9666666,77.5833333,921.0,28.055555555555557,35.111111111111114,21.611111111111114,,28.055555555555557
2021-03-27,43295099999.0,"BANGALORE, IN",12.9666666,77.5833333,921.0,28.000000000000004,35.72222222222222,21.0,,28.000000000000004
2021-03-28,43295099999.0,"BANGALORE, IN",12.9666666,77.5833333,921.0,26.888888888888893,35.0,22.5,,26.888888888888893
2021-03-29,43295099999.0,"BANGALORE, IN",12.9666666,77.5833333,921.0,28.000000000000004,34.0,21.722222222222218,,28.000000000000004
2021-03-30,43295099999.0,"BANGALORE, IN",12.9666666,77.5833333,921.0,28.22222222222222,34.77777777777778,23.000000000000004,,28.22222222222222
2021-03-31,43295099999.0,"BANGALORE, IN",12.9666666,77.5833333,921.0,29.333333333333332,35.611111111111114,22.38888888888889,,29.333333333333332
2021-04-01,43295099999.0,"BANGALORE, IN",12.9666666,77.5833333,921.0,29.22222222222222,37.22222222222222,23.111111111111107,,29.22222222222222
2021-04-02,43295099999.0,"BANGALORE, IN",12.9666666,77.5833333,921.0,28.666666666666668,36.72222222222222,21.38888888888889,,28.666666666666668
2021-04-03,43295099999.0,"BANGALORE, IN",12.9666666,77.5833333,921.0,28.333333333333332,36.77777777777778,22.38888888888889,,28.333333333333332
2021-04-04,43295099999.0,"BANGALORE, IN",12.9666666,77.5833333,921.0,29.11111111111111,35.22222222222222,23.000000000000004,0.0,29.11111111111111
2021-04-05,43295099999.0,"BANGALORE, IN",12.9666666,77.5833333,921.0,28.000000000000004,36.0,22.77777777777778,,28.000000000000004
2021-04-06,43295099999.0,"BANGALORE, IN",12.9666666,77.5833333,921.0,27.444444444444446,35.27777777777778,22.5,,27.444444444444446
2021-04-07,43295099999.0,"BANGALORE, IN",12.9666666,77.5833333,921.0,28.277777777777782,35.0,20.777777777777782,,28.277777777777782
2021-04-08,43295099999.0,"BANGALORE, IN",12.9666666,77.5833333,921.0,27.83333333333333,35.611111111111114,22.61111111111111,,27.83333333333333
2021-04-09,43295099999.0,"BANGALORE, IN",12.9666666,77.5833333,921.0,27.5,35.0,21.999999999999996,,27.5
2021-04-10,43295099999.0,"BANGALORE, IN",12.9666666,77.5833333,921.0,26.944444444444443,34.77777777777778,21.0,,26.944444444444443
2021-04-11,43295099999.0,"BANGALORE, IN",12.9666666,77.5833333,921.0,27.277777777777775,33.77777777777778,21.5,,27.277777777777775
2021-04-12,43295099999.0,"BANGALORE, IN",12.9666666,77.5833333,921.0,27.277777777777775,34.388888888888886,22.22222222222222,,27.277777777777775
2021-04-13,43295099999.0,"BANGALORE, IN",12.9666666,77.5833333,921.0,27.055555555555557,33.77777777777778,22.77777777777778,,27.055555555555557
2021-04-14,43295099999.0,"BANGALORE, IN",12.9666666,77.5833333,921.0,25.222222222222225,33.388888888888886,21.77777777777778,1.016,25.222222222222225
2021-04-15,43295099999.0,"BANGALORE, IN",12.9666666,77.5833333,921.0,25.33333333333333,33.22222222222222,19.777777777777775,1.778,25.33333333333333
2021-04-16,43295099999.0,"BANGALORE, IN",12.9666666,77.5833333,921.0,27.16666666666667,32.611111111111114,20.777777777777782,0.254,27.16666666666667
2021-04-17,43295099999.0,"BANGALORE, IN",12.9666666,77.5833333,921.0,27.666666666666668,33.388888888888886,22.38888888888889,0.0,27.666666666666668
2021-04-18,43295099999.0,"BANGALORE, IN",12.9666666,77.5833333,921.0,27.77777777777778,33.388888888888886,23.388888888888886,,27.77777777777778
2021-04-19,43295099999.0,"BANGALORE, IN",12.9666666,77.5833333,921.0,28.333333333333332,34.27777777777778,22.722222222222225,,28.333333333333332
2021-04-20,43295099999.0,"BANGALORE, IN",12.9666666,77.5833333,921.0,27.5,34.611111111111114,23.388888888888886,0.0,27.5
2021-04-21,43295099999.0,"BANGALORE, IN",12.9666666,77.5833333,921.0,26.555555555555557,34.388888888888886,21.38888888888889,0.0,26.555555555555557
2021-04-22,43295099999.0,"BANGALORE, IN",12.9666666,77.5833333,921.0,24.27777777777778,34.611111111111114,20.500000000000004,28.701999999999995,24.27777777777778
2021-04-23,43295099999.0,"BANGALORE, IN",12.9666666,77.5833333,921.0,24.444444444444443,32.22222222222222,20.0,21.336,24.444444444444443
2021-04-24,43295099999.0,"BANGALORE, IN",12.9666666,77.5833333,921.0,24.555555555555557,31.72222222222222,20.0,65.78599999999999,24.555555555555557
2021-04-25,43295099999.0,"BANGALORE, IN",12.9666666,77.5833333,921.0,26.5,31.88888888888889,21.77777777777778,0.0,26.5
2021-04-26,43295099999.0,"BANGALORE, IN",12.9666666,77.5833333,921.0,27.333333333333332,33.0,23.000000000000004,,27.333333333333332
2021-04-27,43295099999.0,"BANGALORE, IN",12.9666666,77.5833333,921.0,27.055555555555557,32.388888888888886,23.22222222222222,,27.055555555555557
2021-04-28,43295099999.0,"BANGALORE, IN",12.9666666,77.5833333,921.0,27.666666666666668,33.388888888888886,21.5,,27.666666666666668
2021-04-29,43295099999.0,"BANGALORE, IN",12.9666666,77.5833333,921.0,26.611111111111114,34.0,21.77777777777778,,26.611111111111114
2021-04-30,43295099999.0,"BANGALORE, IN",12.9666666,77.5833333,921.0,26.77777777777778,34.388888888888886,21.22222222222222,,26.77777777777778
2021-05-01,43295099999.0,"BANGALORE, IN",12.9666666,77.5833333,921.0,27.11111111111111,33.388888888888886,22.5,0.0,27.11111111111111
2021-05-02,43295099999.0,"BANGALORE, IN",12.9666666,77.5833333,921.0,26.999999999999996,32.888888888888886,23.388888888888886,,26.999999999999996
2021-05-03,43295099999.0,"BANGALORE, IN",12.9666666,77.5833333,921.0,27.277777777777775,33.0,22.722222222222225,,27.277777777777775
2021-05-04,43295099999.0,"BANGALORE, IN",12.9666666,77.5833333,921.0,26.333333333333336,32.72222222222222,24.0,0.7619999999999999,26.333333333333336
2021-05-05,43295099999.0,"BANGALORE, IN",12.9666666,77.5833333,921.0,28.166666666666668,32.388888888888886,23.000000000000004,,28.166666666666668
2021-05-06,43295099999.0,"BANGALORE, IN",12.9666666,77.5833333,921.0,27.444444444444446,33.72222222222222,23.88888888888889,,27.444444444444446
2021-05-07,43295099999.0,"BANGALORE, IN",12.9666666,77.5833333,921.0,27.16666666666667,33.0,22.61111111111111,,27.16666666666667
2021-05-08,43295099999.0,"BANGALORE, IN",12.9666666,77.5833333,921.0,26.833333333333332,33.0,23.277777777777782,,26.833333333333332
2021-05-09,43295099999.0,"BANGALORE, IN",12.9666666,77.5833333,921.0,28.166666666666668,33.388888888888886,22.277777777777775,,28.166666666666668
2021-05-10,43295099999.0,"BANGALORE, IN",12.9666666,77.5833333,921.0,26.999999999999996,34.388888888888886,24.388888888888893,2.032,26.999999999999996
2021-05-11,43295099999.0,"BANGALORE, IN",12.9666666,77.5833333,921.0,27.333333333333332,33.77777777777778,23.277777777777782,0.0,27.333333333333332
2021-05-12,43295099999.0,"BANGALORE, IN",12.9666666,77.5833333,921.0,25.500000000000004,33.888888888888886,21.22222222222222,0.0,25.500000000000004
2021-05-13,43295099999.0,"BANGALORE, IN",12.9666666,77.5833333,921.0,25.38888888888889,31.88888888888889,20.72222222222222,35.05199999999999,25.38888888888889
2021-05-14,43295099999.0,"BANGALORE, IN",12.9666666,77.5833333,921.0,26.666666666666668,31.88888888888889,21.38888888888889,26.162,26.666666666666668
2021-05-15,43295099999.0,"BANGALORE, IN",12.9666666,77.5833333,921.0,23.833333333333336,32.611111111111114,22.22222222222222,0.0,23.833333333333336
2021-05-16,43295099999.0,"BANGALORE, IN",12.9666666,77.5833333,921.0,24.0,28.000000000000004,21.38888888888889,0.0,24.0
2021-05-17,43295099999.0,"BANGALORE, IN",12.9666666,77.5833333,921.0,25.72222222222222,31.61111111111111,21.0,0.0,25.72222222222222
2021-05-18,43295099999.0,"BANGALORE, IN",12.9666666,77.5833333,921.0,25.666666666666668,32.611111111111114,21.611111111111114,0.0,25.666666666666668
2021-05-19,43295099999.0,"BANGALORE, IN",12.9666666,77.5833333,921.0,26.38888888888889,33.111111111111114,21.611111111111114,,26.38888888888889
2021-05-20,43295099999.0,"BANGALORE, IN",12.9666666,77.5833333,921.0,24.66666666666667,33.388888888888886,22.22222222222222,1.016,24.66666666666667
2021-05-21,43295099999.0,"BANGALORE, IN",12.9666666,77.5833333,921.0,23.277777777777782,30.77777777777778,21.38888888888889,2.794,23.277777777777782
2021-05-22,43295099999.0,"BANGALORE, IN",12.9666666,77.5833333,921.0,23.833333333333336,28.77777777777778,21.0,25.4,23.833333333333336
2021-05-23,43295099999.0,"BANGALORE, IN",12.9666666,77.5833333,921.0,25.777777777777782,29.38888888888889,20.777777777777782,7.365999999999999,25.777777777777782
2021-05-24,43295099999.0,"BANGALORE, IN",12.9666666,77.5833333,921.0,26.055555555555557,31.0,21.999999999999996,0.0,26.055555555555557
2021-05-25,43295099999.0,"BANGALORE, IN",12.9666666,77.5833333,921.0,24.27777777777778,31.72222222222222,20.777777777777782,0.254,24.27777777777778
2021-05-26,43295099999.0,"BANGALORE, IN",12.9666666,77.5833333,921.0,24.944444444444446,30.22222222222222,20.38888888888889,30.987999999999996,24.944444444444446
2021-05-27,43295099999.0,"BANGALORE, IN",12.9666666,77.5833333,921.0,25.33333333333333,30.11111111111111,21.22222222222222,0.0,25.33333333333333
2021-05-28,43295099999.0,"BANGALORE, IN",12.9666666,77.5833333,921.0,25.38888888888889,30.61111111111111,20.38888888888889,,25.38888888888889
2021-05-29,43295099999.0,"BANGALORE, IN",12.9666666,77.5833333,921.0,25.500000000000004,30.88888888888889,21.0,,25.500000000000004
2021-05-30,43295099999.0,"BANGALORE, IN",12.9666666,77.5833333,921.0,25.72222222222222,32.111111111111114,20.888888888888886,,25.72222222222222
2021-05-31,43295099999.0,"BANGALORE, IN",12.9666666,77.5833333,921.0,26.166666666666664,32.111111111111114,21.38888888888889,,26.166666666666664
2021-06-01,43295099999.0,"BANGALORE, IN",12.9666666,77.5833333,921.0,26.11111111111111,32.27777777777778,21.11111111111111,,26.11111111111111
2021-06-02,43295099999.0,"BANGALORE, IN",12.9666666,77.5833333,921.0,25.944444444444443,33.72222222222222,22.22222222222222,1.016,25.944444444444443
2021-06-03,43295099999.0,"BANGALORE, IN",12.9666666,77.5833333,921.0,24.555555555555557,33.72222222222222,21.888888888888893,0.508,24.555555555555557
2021-06-04,43295099999.0,"BANGALORE, IN",12.9666666,77.5833333,921.0,23.833333333333336,31.0,21.38888888888889,52.324,23.833333333333336
2021-06-05,43295099999.0,"BANGALORE, IN",12.9666666,77.5833333,921.0,23.555555555555557,31.5,21.22222222222222,12.7,23.555555555555557
2021-06-06,43295099999.0,"BANGALORE, IN",12.9666666,77.5833333,921.0,24.833333333333332,29.22222222222222,20.72222222222222,4.571999999999999,24.833333333333332
2021-06-07,43295099999.0,"BANGALORE, IN",12.9666666,77.5833333,921.0,25.444444444444443,29.72222222222222,22.11111111111111,0.508,25.444444444444443
2021-06-08,43295099999.0,"BANGALORE, IN",12.9666666,77.5833333,921.0,25.611111111111107,31.0,21.77777777777778,0.0,25.611111111111107
2021-06-09,43295099999.0,"BANGALORE, IN",12.9666666,77.5833333,921.0,24.166666666666668,31.11111111111111,20.500000000000004,3.0479999999999996,24.166666666666668
2021-06-10,43295099999.0,"BANGALORE, IN",12.9666666,77.5833333,921.0,24.222222222222218,29.5,20.38888888888889,0.0,24.222222222222218
2021-06-11,43295099999.0,"BANGALORE, IN",12.9666666,77.5833333,921.0,24.166666666666668,29.0,20.38888888888889,0.0,24.166666666666668
2021-06-12,43295099999.0,"BANGALORE, IN",12.9666666,77.5833333,921.0,23.555555555555557,29.0,20.72222222222222,3.0479999999999996,23.555555555555557
2021-06-13,43295099999.0,"BANGALORE, IN",12.9666666,77.5833333,921.0,23.000000000000004,29.0,20.222222222222225,0.0,23.000000000000004
2021-06-14,43295099999.0,"BANGALORE, IN",12.9666666,77.5833333,921.0,22.277777777777775,27.61111111111111,20.38888888888889,0.0,22.277777777777775
2021-06-15,43295099999.0,"BANGALORE, IN",12.9666666,77.5833333,921.0,22.666666666666668,26.5,20.222222222222225,4.3180000000000005,22.666666666666668
2021-06-16,43295099999.0,"BANGALORE, IN",12.9666666,77.5833333,921.0,22.666666666666668,26.722222222222218,20.777777777777782,0.508,22.666666666666668
2021-06-17,43295099999.0,"BANGALORE, IN",12.9666666,77.5833333,921.0,23.444444444444443,28.000000000000004,20.777777777777782,5.08,23.444444444444443
2021-06-18,43295099999.0,"BANGALORE, IN",12.9666666,77.5833333,921.0,23.444444444444443,28.388888888888886,20.38888888888889,1.27,23.444444444444443
2021-06-19,43295099999.0,"BANGALORE, IN",12.9666666,77.5833333,921.0,23.388888888888886,28.000000000000004,20.777777777777782,0.0,23.388888888888886
2021-06-20,43295099999.0,"BANGALORE, IN",12.9666666,77.5833333,921.0,24.27777777777778,28.77777777777778,20.500000000000004,0.0,24.27777777777778
2021-06-21,43295099999.0,"BANGALORE, IN",12.9666666,77.5833333,921.0,24.333333333333332,29.61111111111111,20.38888888888889,,24.333333333333332
2021-06-22,43295099999.0,"BANGALORE, IN",12.9666666,77.5833333,921.0,24.777777777777775,30.61111111111111,21.0,,24.777777777777775
2021-06-23,43295099999.0,"BANGALORE, IN",12.9666666,77.5833333,921.0,25.27777777777778,29.77777777777778,21.22222222222222,0.7619999999999999,25.27777777777778
2021-06-24,43295099999.0,"BANGALORE, IN",12.9666666,77.5833333,921.0,24.72222222222222,30.5,21.38888888888889,,24.72222222222222
2021-06-25,43295099999.0,"BANGALORE, IN",12.9666666,77.5833333,921.0,24.777777777777775,29.38888888888889,20.11111111111111,,24.777777777777775
2021-06-26,43295099999.0,"BANGALORE, IN",12.9666666,77.5833333,921.0,22.77777777777778,29.72222222222222,20.0,0.0,22.77777777777778
2021-06-27,43295099999.0,"BANGALORE, IN",12.9666666,77.5833333,921.0,22.61111111111111,27.22222222222222,20.222222222222225,2.2859999999999996,22.61111111111111
2021-06-28,43295099999.0,"BANGALORE, IN",12.9666666,77.5833333,921.0,23.666666666666664,26.999999999999996,20.777777777777782,0.508,23.666666666666664
2021-06-29,43295099999.0,"BANGALORE, IN",12.9666666,77.5833333,921.0,26.22222222222222,31.61111111111111,20.888888888888886,0.0,26.22222222222222
2021-06-30,43295099999.0,"BANGALORE, IN",12.9666666,77.5833333,921.0,26.77777777777778,32.611111111111114,22.5,,26.77777777777778
2021-07-01,43295099999.0,"BANGALORE, IN",12.9666666,77.5833333,921.0,25.666666666666668,32.72222222222222,23.000000000000004,2.54,25.666666666666668
2021-07-02,43295099999.0,"BANGALORE, IN",12.9666666,77.5833333,921.0,26.0,30.61111111111111,21.999999999999996,0.0,26.0
2021-07-03,43295099999.0,"BANGALORE, IN",12.9666666,77.5833333,921.0,25.72222222222222,31.38888888888889,21.722222222222218,,25.72222222222222
2021-07-04,43295099999.0,"BANGALORE, IN",12.9666666,77.5833333,921.0,24.499999999999996,31.0,20.38888888888889,30.987999999999996,24.499999999999996
2021-07-05,43295099999.0,"BANGALORE, IN",12.9666666,77.5833333,921.0,24.499999999999996,30.77777777777778,20.11111111111111,,24.499999999999996
2021-07-06,43295099999.0,"BANGALORE, IN",12.9666666,77.5833333,921.0,24.944444444444446,29.38888888888889,20.222222222222225,1.27,24.944444444444446
2021-07-07,43295099999.0,"BANGALORE, IN",12.9666666,77.5833333,921.0,24.61111111111111,30.0,22.277777777777775,0.0,24.61111111111111
2021-07-08,43295099999.0,"BANGALORE, IN",12.9666666,77.5833333,921.0,25.27777777777778,29.38888888888889,21.77777777777778,0.0,25.27777777777778
2021-07-09,43295099999.0,"BANGALORE, IN",12.9666666,77.5833333,921.0,24.166666666666668,30.11111111111111,21.611111111111114,0.0,24.166666666666668
2021-07-10,43295099999.0,"BANGALORE, IN",12.9666666,77.5833333,921.0,22.83333333333333,29.0,20.611111111111107,0.254,22.83333333333333
2021-07-11,43295099999.0,"BANGALORE, IN",12.9666666,77.5833333,921.0,22.77777777777778,26.77777777777778,20.11111111111111,0.508,22.77777777777778
2021-07-12,43295099999.0,"BANGALORE, IN",12.9666666,77.5833333,921.0,23.166666666666668,26.77777777777778,20.222222222222225,0.0,23.166666666666668
2021-07-13,43295099999.0,"BANGALORE, IN",12.9666666,77.5833333,921.0,22.277777777777775,26.999999999999996,20.38888888888889,5.08,22.277777777777775
2021-07-14,43295099999.0,"BANGALORE, IN",12.9666666,77.5833333,921.0,21.611111111111114,25.222222222222225,20.38888888888889,6.095999999999999,21.611111111111114
2021-07-15,43295099999.0,"BANGALORE, IN",12.9666666,77.5833333,921.0,21.722222222222218,25.38888888888889,19.88888888888889,18.796,21.722222222222218
2021-07-16,43295099999.0,"BANGALORE, IN",12.9666666,77.5833333,921.0,22.722222222222225,25.611111111111107,20.777777777777782,2.794,22.722222222222225
2021-07-17,43295099999.0,"BANGALORE, IN",12.9666666,77.5833333,921.0,22.055555555555557,26.999999999999996,20.72222222222222,1.27,22.055555555555557
2021-07-18,43295099999.0,"BANGALORE, IN",12.9666666,77.5833333,921.0,21.555555555555557,28.22222222222222,20.0,17.779999999999998,21.555555555555557
2021-07-19,43295099999.0,"BANGALORE, IN",12.9666666,77.5833333,921.0,22.555555555555554,26.77777777777778,20.0,4.3180000000000005,22.555555555555554
2021-07-20,43295099999.0,"BANGALORE, IN",12.9666666,77.5833333,921.0,23.111111111111107,27.61111111111111,19.72222222222222,7.112,23.111111111111107
2021-07-21,43295099999.0,"BANGALORE, IN",12.9666666,77.5833333,921.0,21.77777777777778,27.77777777777778,20.38888888888889,0.0,21.77777777777778
2021-07-22,43295099999.0,"BANGALORE, IN",12.9666666,77.5833333,921.0,21.166666666666664,24.222222222222218,20.0,3.302,21.166666666666664
2021-07-23,43295099999.0,"BANGALORE, IN",12.9666666,77.5833333,921.0,21.444444444444443,24.72222222222222,19.72222222222222,3.0479999999999996,21.444444444444443
2021-07-24,43295099999.0,"BANGALORE, IN",12.9666666,77.5833333,921.0,22.61111111111111,26.77777777777778,20.0,0.508,22.61111111111111
2021-07-25,43295099999.0,"BANGALORE, IN",12.9666666,77.5833333,921.0,23.22222222222222,28.000000000000004,20.611111111111107,24.383999999999997,23.22222222222222
2021-07-26,43295099999.0,"BANGALORE, IN",12.9666666,77.5833333,921.0,23.444444444444443,28.388888888888886,20.500000000000004,59.69,23.444444444444443
2021-07-27,43295099999.0,"BANGALORE, IN",12.9666666,77.5833333,921.0,23.444444444444443,28.277777777777782,20.11111111111111,0.0,23.444444444444443
2021-07-28,43295099999.0,"BANGALORE, IN",12.9666666,77.5833333,921.0,23.5,27.722222222222225,20.0,,23.5
2021-07-29,43295099999.0,"BANGALORE, IN",12.9666666,77.5833333,921.0,23.055555555555557,28.277777777777782,19.777777777777775,0.0,23.055555555555557
2021-07-30,43295099999.0,"BANGALORE, IN",12.9666666,77.5833333,921.0,23.5,28.388888888888886,19.61111111111111,0.0,23.5
2021-07-31,43295099999.0,"BANGALORE, IN",12.9666666,77.5833333,921.0,23.666666666666664,28.72222222222222,19.88888888888889,0.0,23.666666666666664
2021-08-01,43295099999.0,"BANGALORE, IN",12.9666666,77.5833333,921.0,23.166666666666668,28.000000000000004,20.0,0.0,23.166666666666668
2021-08-02,43295099999.0,"BANGALORE, IN",12.9666666,77.5833333,921.0,23.555555555555557,27.5,19.61111111111111,0.0,23.555555555555557
2021-08-03,43295099999.0,"BANGALORE, IN",12.9666666,77.5833333,921.0,23.5,28.22222222222222,20.0,1.016,23.5
2021-08-04,43295099999.0,"BANGALORE, IN",12.9666666,77.5833333,921.0,23.277777777777782,29.27777777777778,21.0,1.016,23.277777777777782
2021-08-05,43295099999.0,"BANGALORE, IN",12.9666666,77.5833333,921.0,22.83333333333333,27.61111111111111,20.38888888888889,6.095999999999999,22.83333333333333
2021-08-06,43295099999.0,"BANGALORE, IN",12.9666666,77.5833333,921.0,23.944444444444443,28.77777777777778,20.500000000000004,1.016,23.944444444444443
2021-08-07,43295099999.0,"BANGALORE, IN",12.9666666,77.5833333,921.0,24.27777777777778,29.38888888888889,20.888888888888886,4.3180000000000005,24.27777777777778
2021-08-08,43295099999.0,"BANGALORE, IN",12.9666666,77.5833333,921.0,24.944444444444446,30.27777777777778,20.777777777777782,1.27,24.944444444444446
2021-08-09,43295099999.0,"BANGALORE, IN",12.9666666,77.5833333,921.0,25.500000000000004,30.72222222222222,21.722222222222218,0.508,25.500000000000004
2021-08-10,43295099999.0,"BANGALORE, IN",12.9666666,77.5833333,921.0,23.88888888888889,30.72222222222222,21.77777777777778,0.0,23.88888888888889
2021-08-11,43295099999.0,"BANGALORE, IN",12.9666666,77.5833333,921.0,24.0,28.22222222222222,20.777777777777782,0.0,24.0
2021-08-12,43295099999.0,"BANGALORE, IN",12.9666666,77.5833333,921.0,22.77777777777778,28.22222222222222,20.38888888888889,1.5239999999999998,22.77777777777778
2021-08-13,43295099999.0,"BANGALORE, IN",12.9666666,77.5833333,921.0,23.22222222222222,26.999999999999996,20.0,3.8099999999999996,23.22222222222222
2021-08-14,43295099999.0,"BANGALORE, IN",12.9666666,77.5833333,921.0,23.555555555555557,27.38888888888889,20.27777777777778,0.0,23.555555555555557
2021-08-15,43295099999.0,"BANGALORE, IN",12.9666666,77.5833333,921.0,23.22222222222222,28.000000000000004,20.0,0.0,23.22222222222222
2021-08-16,43295099999.0,"BANGALORE, IN",12.9666666,77.5833333,921.0,22.77777777777778,28.000000000000004,20.72222222222222,0.0,22.77777777777778
2021-08-17,43295099999.0,"BANGALORE, IN",12.9666666,77.5833333,921.0,22.88888888888889,26.5,20.27777777777778,13.716,22.88888888888889
2021-08-18,43295099999.0,"BANGALORE, IN",12.9666666,77.5833333,921.0,23.61111111111111,26.999999999999996,20.72222222222222,0.0,23.61111111111111
2021-08-19,43295099999.0,"BANGALORE, IN",12.9666666,77.5833333,921.0,23.555555555555557,28.388888888888886,20.38888888888889,0.254,23.555555555555557
2021-08-20,43295099999.0,"BANGALORE, IN",12.9666666,77.5833333,921.0,24.111111111111114,28.77777777777778,20.500000000000004,7.112,24.111111111111114
2021-08-21,43295099999.0,"BANGALORE, IN",12.9666666,77.5833333,921.0,22.444444444444446,28.61111111111111,19.61111111111111,0.254,22.444444444444446
2021-08-22,43295099999.0,"BANGALORE, IN",12.9666666,77.5833333,921.0,22.83333333333333,27.722222222222225,19.222222222222218,5.588,22.83333333333333
2021-08-23,43295099999.0,"BANGALORE, IN",12.9666666,77.5833333,921.0,23.555555555555557,27.11111111111111,20.500000000000004,3.0479999999999996,23.555555555555557
2021-08-24,43295099999.0,"BANGALORE, IN",12.9666666,77.5833333,921.0,24.499999999999996,29.0,20.27777777777778,3.8099999999999996,24.499999999999996
2021-08-25,43295099999.0,"BANGALORE, IN",12.9666666,77.5833333,921.0,24.055555555555557,29.11111111111111,20.72222222222222,1.016,24.055555555555557
2021-08-26,43295099999.0,"BANGALORE, IN",12.9666666,77.5833333,921.0,24.055555555555557,29.61111111111111,21.0,0.0,24.055555555555557
2021-08-27,43295099999.0,"BANGALORE, IN",12.9666666,77.5833333,921.0,22.722222222222225,30.38888888888889,20.500000000000004,24.892,22.722222222222225
2021-08-28,43295099999.0,"BANGALORE, IN",12.9666666,77.5833333,921.0,22.444444444444446,28.388888888888886,20.0,11.684,22.444444444444446
2021-08-29,43295099999.0,"BANGALORE, IN",12.9666666,77.5833333,921.0,21.722222222222218,25.777777777777782,19.222222222222218,4.064,21.722222222222218
2021-08-30,43295099999.0,"BANGALORE, IN",12.9666666,77.5833333,921.0,22.38888888888889,25.611111111111107,19.72222222222222,3.8099999999999996,22.38888888888889
2021-08-31,43295099999.0,"BANGALORE, IN",12.9666666,77.5833333,921.0,23.88888888888889,27.61111111111111,19.72222222222222,0.508,23.88888888888889
2021-09-01,43295099999.0,"BANGALORE, IN",12.9666666,77.5833333,921.0,23.61111111111111,29.27777777777778,20.888888888888886,0.0,23.61111111111111
2021-09-02,43295099999.0,"BANGALORE, IN",12.9666666,77.5833333,921.0,22.61111111111111,29.38888888888889,20.38888888888889,2.794,22.61111111111111
2021-09-03,43295099999.0,"BANGALORE, IN",12.9666666,77.5833333,921.0,22.5,26.722222222222218,19.499999999999996,44.704,22.5
2021-09-04,43295099999.0,"BANGALORE, IN",12.9666666,77.5833333,921.0,22.277777777777775,26.22222222222222,20.38888888888889,0.0,22.277777777777775
2021-09-05,43295099999.0,"BANGALORE, IN",12.9666666,77.5833333,921.0,22.055555555555557,26.611111111111114,20.222222222222225,1.016,22.055555555555557
2021-09-06,43295099999.0,"BANGALORE, IN",12.9666666,77.5833333,921.0,22.555555555555554,27.22222222222222,20.222222222222225,7.874,22.555555555555554
2021-09-07,43295099999.0,"BANGALORE, IN",12.9666666,77.5833333,921.0,22.16666666666667,26.999999999999996,20.0,2.032,22.16666666666667
2021-09-08,43295099999.0,"BANGALORE, IN",12.9666666,77.5833333,921.0,23.111111111111107,26.999999999999996,20.500000000000004,0.508,23.111111111111107
2021-09-09,43295099999.0,"BANGALORE, IN",12.9666666,77.5833333,921.0,24.0,27.77777777777778,20.0,0.508,24.0
2021-09-10,43295099999.0,"BANGALORE, IN",12.9666666,77.5833333,921.0,24.111111111111114,29.11111111111111,20.222222222222225,0.0,24.111111111111114
2021-09-11,43295099999.0,"BANGALORE, IN",12.9666666,77.5833333,921.0,23.72222222222222,28.388888888888886,20.500000000000004,0.0,23.72222222222222
2021-09-12,43295099999.0,"BANGALORE, IN",12.9666666,77.5833333,921.0,23.61111111111111,28.5,20.72222222222222,0.0,23.61111111111111
2021-09-13,43295099999.0,"BANGALORE, IN",12.9666666,77.5833333,921.0,23.72222222222222,28.000000000000004,20.888888888888886,0.0,23.72222222222222
2021-09-14,43295099999.0,"BANGALORE, IN",12.9666666,77.5833333,921.0,24.111111111111114,28.22222222222222,21.0,0.0,24.111111111111114
2021-09-15,43295099999.0,"BANGALORE, IN",12.9666666,77.5833333,921.0,23.833333333333336,28.22222222222222,20.500000000000004,4.064,23.833333333333336
2021-09-16,43295099999.0,"BANGALORE, IN",12.9666666,77.5833333,921.0,24.72222222222222,29.0,20.777777777777782,,24.72222222222222
2021-09-17,43295099999.0,"BANGALORE, IN",12.9666666,77.5833333,921.0,25.0,30.0,21.11111111111111,1.016,25.0
2021-09-18,43295099999.0,"BANGALORE, IN",12.9666666,77.5833333,921.0,26.0,30.88888888888889,21.0,,26.0
2021-09-19,43295099999.0,"BANGALORE, IN",12.9666666,77.5833333,921.0,25.72222222222222,30.77777777777778,20.611111111111107,,25.72222222222222
2021-09-20,43295099999.0,"BANGALORE, IN",12.9666666,77.5833333,921.0,22.38888888888889,31.27777777777778,19.777777777777775,26.162,22.38888888888889
2021-09-21,43295099999.0,"BANGALORE, IN",12.9666666,77.5833333,921.0,23.5,29.0,20.27777777777778,53.339999999999996,23.5
2021-09-22,43295099999.0,"BANGALORE, IN",12.9666666,77.5833333,921.0,23.944444444444443,29.72222222222222,20.611111111111107,11.176,23.944444444444443
2021-09-23,43295099999.0,"BANGALORE, IN",12.9666666,77.5833333,921.0,23.77777777777778,28.000000000000004,20.611111111111107,0.0,23.77777777777778
2021-09-24,43295099999.0,"BANGALORE, IN",12.9666666,77.5833333,921.0,24.0,28.22222222222222,20.72222222222222,0.254,24.0
2021-09-25,43295099999.0,"BANGALORE, IN",12.9666666,77.5833333,921.0,24.166666666666668,28.77777777777778,20.777777777777782,0.508,24.166666666666668
2021-09-26,43295099999.0,"BANGALORE, IN",12.9666666,77.5833333,921.0,23.055555555555557,29.22222222222222,20.11111111111111,12.191999999999998,23.055555555555557
2021-09-27,43295099999.0,"BANGALORE, IN",12.9666666,77.5833333,921.0,22.666666666666668,26.999999999999996,20.222222222222225,0.508,22.666666666666668
2021-09-28,43295099999.0,"BANGALORE, IN",12.9666666,77.5833333,921.0,22.277777777777775,26.999999999999996,19.777777777777775,10.16,22.277777777777775
2021-09-29,43295099999.0,"BANGALORE, IN",12.9666666,77.5833333,921.0,23.444444444444443,26.77777777777778,19.388888888888893,9.143999999999998,23.444444444444443
2021-09-30,43295099999.0,"BANGALORE, IN",12.9666666,77.5833333,921.0,24.0,28.000000000000004,20.38888888888889,0.0,24.0
2021-10-01,43295099999.0,"BANGALORE, IN",12.9666666,77.5833333,921.0,24.555555555555557,29.77777777777778,21.722222222222218,1.016,24.555555555555557
2021-10-02,43295099999.0,"BANGALORE, IN",12.9666666,77.5833333,921.0,24.222222222222218,30.77777777777778,21.0,0.0,24.222222222222218
2021-10-03,43295099999.0,"BANGALORE, IN",12.9666666,77.5833333,921.0,23.666666666666664,30.0,20.777777777777782,0.0,23.666666666666664
2021-10-04,43295099999.0,"BANGALORE, IN",12.9666666,77.5833333,921.0,24.777777777777775,29.72222222222222,20.222222222222225,64.008,24.777777777777775
2021-10-05,43295099999.0,"BANGALORE, IN",12.9666666,77.5833333,921.0,23.333333333333332,30.61111111111111,21.0,0.0,23.333333333333332
2021-10-06,43295099999.0,"BANGALORE, IN",12.9666666,77.5833333,921.0,22.61111111111111,28.000000000000004,20.11111111111111,38.608,22.61111111111111
2021-10-07,43295099999.0,"BANGALORE, IN",12.9666666,77.5833333,921.0,24.88888888888889,29.61111111111111,21.0,0.508,24.88888888888889
2021-10-08,43295099999.0,"BANGALORE, IN",12.9666666,77.5833333,921.0,22.77777777777778,30.61111111111111,21.38888888888889,6.095999999999999,22.77777777777778
2021-10-09,43295099999.0,"BANGALORE, IN",12.9666666,77.5833333,921.0,22.055555555555557,27.11111111111111,20.777777777777782,7.874,22.055555555555557
2021-10-10,43295099999.0,"BANGALORE, IN",12.9666666,77.5833333,921.0,22.5,25.777777777777782,21.11111111111111,14.477999999999998,22.5
2021-10-11,43295099999.0,"BANGALORE, IN",12.9666666,77.5833333,921.0,22.83333333333333,26.999999999999996,20.777777777777782,12.953999999999999,22.83333333333333
2021-10-12,43295099999.0,"BANGALORE, IN",12.9666666,77.5833333,921.0,21.999999999999996,27.5,20.222222222222225,32.512,21.999999999999996
2021-10-13,43295099999.0,"BANGALORE, IN",12.9666666,77.5833333,921.0,22.77777777777778,27.77777777777778,19.72222222222222,18.287999999999997,22.77777777777778
2021-10-14,43295099999.0,"BANGALORE, IN",12.9666666,77.5833333,921.0,24.222222222222218,28.000000000000004,20.38888888888889,26.924,24.222222222222218
2021-10-15,43295099999.0,"BANGALORE, IN",12.9666666,77.5833333,921.0,23.555555555555557,29.0,21.5,39.624,23.555555555555557
2021-10-16,43295099999.0,"BANGALORE, IN",12.9666666,77.5833333,921.0,23.77777777777778,28.277777777777782,21.0,14.985999999999999,23.77777777777778
2021-10-17,43295099999.0,"BANGALORE, IN",12.9666666,77.5833333,921.0,22.666666666666668,28.88888888888889,20.611111111111107,7.112,22.666666666666668
2021-10-18,43295099999.0,"BANGALORE, IN",12.9666666,77.5833333,921.0,22.944444444444443,26.38888888888889,20.777777777777782,0.7619999999999999,22.944444444444443
2021-10-19,43295099999.0,"BANGALORE, IN",12.9666666,77.5833333,921.0,23.77777777777778,27.61111111111111,20.500000000000004,15.239999999999998,23.77777777777778
2021-10-20,43295099999.0,"BANGALORE, IN",12.9666666,77.5833333,921.0,24.72222222222222,28.77777777777778,21.77777777777778,0.0,24.72222222222222
2021-10-21,43295099999.0,"BANGALORE, IN",12.9666666,77.5833333,921.0,25.500000000000004,29.27777777777778,20.888888888888886,0.508,25.500000000000004
2021-10-22,43295099999.0,"BANGALORE, IN",12.9666666,77.5833333,921.0,25.055555555555554,30.72222222222222,20.611111111111107,0.254,25.055555555555554
2021-10-23,43295099999.0,"BANGALORE, IN",12.9666666,77.5833333,921.0,24.111111111111114,31.61111111111111,20.38888888888889,17.272000000000002,24.111111111111114
2021-10-24,43295099999.0,"BANGALORE, IN",12.9666666,77.5833333,921.0,24.333333333333332,30.11111111111111,19.222222222222218,41.91,24.333333333333332
2021-10-25,43295099999.0,"BANGALORE, IN",12.9666666,77.5833333,921.0,23.88888888888889,29.38888888888889,20.888888888888886,0.0,23.88888888888889
2021-10-26,43295099999.0,"BANGALORE, IN",12.9666666,77.5833333,921.0,23.5,28.111111111111107,20.38888888888889,,23.5
2021-10-27,43295099999.0,"BANGALORE, IN",12.9666666,77.5833333,921.0,22.333333333333332,28.388888888888886,19.61111111111111,,22.333333333333332
2021-10-28,43295099999.0,"BANGALORE, IN",12.9666666,77.5833333,921.0,23.388888888888886,27.38888888888889,18.5,,23.388888888888886
2021-10-29,43295099999.0,"BANGALORE, IN",12.9666666,77.5833333,921.0,22.666666666666668,28.22222222222222,20.222222222222225,1.016,22.666666666666668
2021-10-30,43295099999.0,"BANGALORE, IN",12.9666666,77.5833333,921.0,23.22222222222222,26.999999999999996,20.777777777777782,0.254,23.22222222222222
2021-10-31,43295099999.0,"BANGALORE, IN",12.9666666,77.5833333,921.0,23.22222222222222,28.000000000000004,20.27777777777778,0.508,23.22222222222222
2021-11-01,43295099999.0,"BANGALORE, IN",12.9666666,77.5833333,921.0,22.88888888888889,27.77777777777778,20.777777777777782,2.032,22.88888888888889
2021-11-02,43295099999.0,"BANGALORE, IN",12.9666666,77.5833333,921.0,22.055555555555557,27.61111111111111,20.611111111111107,0.0,22.055555555555557
2021-11-03,43295099999.0,"BANGALORE, IN",12.9666666,77.5833333,921.0,22.277777777777775,26.77777777777778,20.222222222222225,0.0,22.277777777777775
2021-11-04,43295099999.0,"BANGALORE, IN",12.9666666,77.5833333,921.0,22.77777777777778,26.999999999999996,20.0,18.034,22.77777777777778
2021-11-05,43295099999.0,"BANGALORE, IN",12.9666666,77.5833333,921.0,21.666666666666668,28.388888888888886,19.222222222222218,55.88,21.666666666666668
2021-11-06,43295099999.0,"BANGALORE, IN",12.9666666,77.5833333,921.0,22.77777777777778,26.611111111111114,20.0,0.0,22.77777777777778
2021-11-07,43295099999.0,"BANGALORE, IN",12.9666666,77.5833333,921.0,21.555555555555557,27.38888888888889,19.388888888888893,,21.555555555555557
2021-11-08,43295099999.0,"BANGALORE, IN",12.9666666,77.5833333,921.0,20.500000000000004,24.499999999999996,19.0,2.032,20.500000000000004
2021-11-09,43295099999.0,"BANGALORE, IN",12.9666666,77.5833333,921.0,21.444444444444443,25.611111111111107,18.22222222222222,1.016,21.444444444444443
2021-11-10,43295099999.0,"BANGALORE, IN",12.9666666,77.5833333,921.0,20.72222222222222,26.611111111111114,19.0,0.0,20.72222222222222
2021-11-11,43295099999.0,"BANGALORE, IN",12.9666666,77.5833333,921.0,18.388888888888886,24.0,17.38888888888889,4.3180000000000005,18.388888888888886
2021-11-12,43295099999.0,"BANGALORE, IN",12.9666666,77.5833333,921.0,20.38888888888889,21.22222222222222,16.77777777777778,19.049999999999997,20.38888888888889
2021-11-13,43295099999.0,"BANGALORE, IN",12.9666666,77.5833333,921.0,21.833333333333332,23.61111111111111,20.11111111111111,6.604,21.833333333333332
2021-11-14,43295099999.0,"BANGALORE, IN",12.9666666,77.5833333,921.0,22.444444444444446,24.61111111111111,20.777777777777782,0.0,22.444444444444446
2021-11-15,43295099999.0,"BANGALORE, IN",12.9666666,77.5833333,921.0,22.77777777777778,26.22222222222222,20.72222222222222,1.016,22.77777777777778
2021-11-16,43295099999.0,"BANGALORE, IN",12.9666666,77.5833333,921.0,22.77777777777778,26.38888888888889,20.38888888888889,52.06999999999999,22.77777777777778
2021-11-17,43295099999.0,"BANGALORE, IN",12.9666666,77.5833333,921.0,22.5,27.61111111111111,19.777777777777775,0.7619999999999999,22.5
2021-11-18,43295099999.0,"BANGALORE, IN",12.9666666,77.5833333,921.0,20.611111111111107,27.22222222222222,20.0,3.556,20.611111111111107
2021-11-19,43295099999.0,"BANGALORE, IN",12.9666666,77.5833333,921.0,21.11111111111111,21.999999999999996,19.777777777777775,73.406,21.11111111111111
2021-11-20,43295099999.0,"BANGALORE, IN",12.9666666,77.5833333,921.0,21.055555555555557,22.61111111111111,20.11111111111111,3.8099999999999996,21.055555555555557
2021-11-21,43295099999.0,"BANGALORE, IN",12.9666666,77.5833333,921.0,22.5,25.38888888888889,19.27777777777778,2.2859999999999996,22.5
2021-11-22,43295099999.0,"BANGALORE, IN",12.9666666,77.5833333,921.0,22.83333333333333,26.5,20.500000000000004,5.08,22.83333333333333
2021-11-23,43295099999.0,"BANGALORE, IN",12.9666666,77.5833333,921.0,24.166666666666668,28.388888888888886,20.11111111111111,0.0,24.166666666666668
2021-11-24,43295099999.0,"BANGALORE, IN",12.9666666,77.5833333,921.0,22.77777777777778,29.77777777777778,20.11111111111111,0.0,22.77777777777778
2021-11-25,43295099999.0,"BANGALORE, IN",12.9666666,77.5833333,921.0,23.000000000000004,26.999999999999996,19.388888888888893,11.43,23.000000000000004
2021-11-26,43295099999.0,"BANGALORE, IN",12.9666666,77.5833333,921.0,21.833333333333332,26.999999999999996,19.111111111111114,0.0,21.833333333333332
2021-11-27,43295099999.0,"BANGALORE, IN",12.9666666,77.5833333,921.0,21.166666666666664,24.88888888888889,19.499999999999996,0.0,21.166666666666664
2021-11-28,43295099999.0,"BANGALORE, IN",12.9666666,77.5833333,921.0,21.0,23.388888888888886,19.777777777777775,0.0,21.0
2021-11-29,43295099999.0,"BANGALORE, IN",12.9666666,77.5833333,921.0,21.055555555555557,22.61111111111111,19.499999999999996,0.0,21.055555555555557
2021-11-30,43295099999.0,"BANGALORE, IN",12.9666666,77.5833333,921.0,22.444444444444446,25.777777777777782,19.388888888888893,0.508,22.444444444444446
2021-12-01,43295099999.0,"BANGALORE, IN",12.9666666,77.5833333,921.0,21.666666666666668,26.38888888888889,20.0,0.0,21.666666666666668
2021-12-02,43295099999.0,"BANGALORE, IN",12.9666666,77.5833333,921.0,22.11111111111111,25.38888888888889,19.499999999999996,,22.11111111111111
2021-12-03,43295099999.0,"BANGALORE, IN",12.9666666,77.5833333,921.0,23.22222222222222,27.38888888888889,20.0,0.0,23.22222222222222
2021-12-04,43295099999.0,"BANGALORE, IN",12.9666666,77.5833333,921.0,23.88888888888889,28.22222222222222,21.0,0.0,23.88888888888889
2021-12-05,43295099999.0,"BANGALORE, IN",12.9666666,77.5833333,921.0,23.22222222222222,28.388888888888886,19.777777777777775,1.016,23.22222222222222
2021-12-06,43295099999.0,"BANGALORE, IN",12.9666666,77.5833333,921.0,23.22222222222222,29.22222222222222,19.27777777777778,0.0,23.22222222222222
2021-12-07,43295099999.0,"BANGALORE, IN",12.9666666,77.5833333,921.0,22.555555555555554,28.22222222222222,19.777777777777775,,22.555555555555554
2021-12-08,43295099999.0,"BANGALORE, IN",12.9666666,77.5833333,921.0,23.000000000000004,28.388888888888886,18.61111111111111,,23.000000000000004
2021-12-09,43295099999.0,"BANGALORE, IN",12.9666666,77.5833333,921.0,22.555555555555554,28.22222222222222,20.222222222222225,0.508,22.555555555555554
2021-12-10,43295099999.0,"BANGALORE, IN",12.9666666,77.5833333,921.0,22.722222222222225,27.22222222222222,18.61111111111111,1.016,22.722222222222225
2021-12-11,43295099999.0,"BANGALORE, IN",12.9666666,77.5833333,921.0,21.611111111111114,28.388888888888886,19.222222222222218,0.0,21.611111111111114
2021-12-12,43295099999.0,"BANGALORE, IN",12.9666666,77.5833333,921.0,21.38888888888889,24.0,18.61111111111111,0.254,21.38888888888889
2021-12-13,43295099999.0,"BANGALORE, IN",12.9666666,77.5833333,921.0,20.38888888888889,26.0,19.0,1.016,20.38888888888889
2021-12-14,43295099999.0,"BANGALORE, IN",12.9666666,77.5833333,921.0,21.166666666666664,24.388888888888893,18.277777777777782,2.794,21.166666666666664
2021-12-15,43295099999.0,"BANGALORE, IN",12.9666666,77.5833333,921.0,20.611111111111107,24.388888888888893,18.77777777777778,0.254,20.611111111111107
2021-12-16,43295099999.0,"BANGALORE, IN",12.9666666,77.5833333,921.0,21.5,26.38888888888889,17.22222222222222,0.0,21.5
2021-12-17,43295099999.0,"BANGALORE, IN",12.9666666,77.5833333,921.0,21.555555555555557,27.61111111111111,16.77777777777778,,21.555555555555557
2021-12-18,43295099999.0,"BANGALORE, IN",12.9666666,77.5833333,921.0,21.0,28.61111111111111,16.5,,21.0
2021-12-19,43295099999.0,"BANGALORE, IN",12.9666666,77.5833333,921.0,20.0,26.999999999999996,15.61111111111111,,20.0
2021-12-20,43295099999.0,"BANGALORE, IN",12.9666666,77.5833333,921.0,20.666666666666668,26.77777777777778,14.777777777777779,,20.666666666666668
2021-12-21,43295099999.0,"BANGALORE, IN",12.9666666,77.5833333,921.0,19.833333333333332,27.22222222222222,15.777777777777779,,19.833333333333332
2021-12-22,43295099999.0,"BANGALORE, IN",12.9666666,77.5833333,921.0,20.72222222222222,27.38888888888889,14.222222222222221,,20.72222222222222
2021-12-23,43295099999.0,"BANGALORE, IN",12.9666666,77.5833333,921.0,21.27777777777778,28.22222222222222,16.0,,21.27777777777778
2021-12-24,43295099999.0,"BANGALORE, IN",12.9666666,77.5833333,921.0,21.0,28.22222222222222,14.277777777777779,,21.0
2021-12-25,43295099999.0,"BANGALORE, IN",12.9666666,77.5833333,921.0,21.77777777777778,30.0,14.722222222222221,,21.77777777777778
2021-12-26,43295099999.0,"BANGALORE, IN",12.9666666,77.5833333,921.0,22.22222222222222,30.22222222222222,15.11111111111111,,22.22222222222222
2021-12-27,43295099999.0,"BANGALORE, IN",12.9666666,77.5833333,921.0,21.166666666666664,30.22222222222222,16.61111111111111,,21.166666666666664
2021-12-28,43295099999.0,"BANGALORE, IN",12.9666666,77.5833333,921.0,21.22222222222222,28.388888888888886,16.27777777777778,,21.22222222222222
2021-12-29,43295099999.0,"BANGALORE, IN",12.9666666,77.5833333,921.0,21.27777777777778,27.38888888888889,15.61111111111111,,21.27777777777778
2021-12-30,43295099999.0,"BANGALORE, IN",12.9666666,77.5833333,921.0,21.333333333333336,27.61111111111111,15.722222222222221,,21.333333333333336
2021-12-31,43295099999.0,"BANGALORE, IN",12.9666666,77.5833333,921.0,20.27777777777778,26.5,18.77777777777778,0.0,20.27777777777778
2022-01-01,43295099999.0,"BANGALORE, IN",12.9666666,77.5833333,921.0,21.38888888888889,24.61111111111111,18.5,3.302,21.38888888888889
2022-01-02,43295099999.0,"BANGALORE, IN",12.9666666,77.5833333,921.0,21.999999999999996,26.38888888888889,17.5,0.0,21.999999999999996
2022-01-03,43295099999.0,"BANGALORE, IN",12.9666666,77.5833333,921.0,21.38888888888889,27.22222222222222,16.27777777777778,,21.38888888888889
2022-01-04,43295099999.0,"BANGALORE, IN",12.9666666,77.5833333,921.0,20.888888888888886,27.277777777777775,16.77777777777778,,20.888888888888886
2022-01-05,43295099999.0,"BANGALORE, IN",12.9666666,77.5833333,921.0,21.833333333333332,27.38888888888889,16.0,,21.833333333333332
2022-01-06,43295099999.0,"BANGALORE, IN",12.9666666,77.5833333,921.0,21.944444444444443,28.000000000000004,16.77777777777778,,21.944444444444443
2022-01-07,43295099999.0,"BANGALORE, IN",12.9666666,77.5833333,921.0,22.11111111111111,28.388888888888886,18.111111111111107,,22.11111111111111
2022-01-08,43295099999.0,"BANGALORE, IN",12.9666666,77.5833333,921.0,21.888888888888893,28.22222222222222,18.388888888888886,,21.888888888888893
2022-01-09,43295099999.0,"BANGALORE, IN",12.9666666,77.5833333,921.0,22.38888888888889,28.388888888888886,18.277777777777782,,22.38888888888889
2022-01-10,43295099999.0,"BANGALORE, IN",12.9666666,77.5833333,921.0,21.833333333333332,28.22222222222222,17.38888888888889,,21.833333333333332
2022-01-11,43295099999.0,"BANGALORE, IN",12.9666666,77.5833333,921.0,22.88888888888889,29.0,16.77777777777778,,22.88888888888889
2022-01-12,43295099999.0,"BANGALORE, IN",12.9666666,77.5833333,921.0,23.444444444444443,30.61111111111111,20.0,,23.444444444444443
2022-01-13,43295099999.0,"BANGALORE, IN",12.9666666,77.5833333,921.0,22.38888888888889,29.38888888888889,18.388888888888886,,22.38888888888889
2022-01-14,43295099999.0,"BANGALORE, IN",12.9666666,77.5833333,921.0,22.277777777777775,29.0,16.5,,22.277777777777775
2022-01-15,43295099999.0,"BANGALORE, IN",12.9666666,77.5833333,921.0,23.055555555555557,29.22222222222222,17.38888888888889,,23.055555555555557
2022-01-16,43295099999.0,"BANGALORE, IN",12.9666666,77.5833333,921.0,22.5,30.22222222222222,19.0,,22.5
2022-01-17,43295099999.0,"BANGALORE, IN",12.9666666,77.5833333,921.0,22.055555555555557,29.22222222222222,18.000000000000004,,22.055555555555557
2022-01-18,43295099999.0,"BANGALORE, IN",12.9666666,77.5833333,921.0,21.722222222222218,28.388888888888886,16.38888888888889,,21.722222222222218
2022-01-19,43295099999.0,"BANGALORE, IN",12.9666666,77.5833333,921.0,21.722222222222218,27.88888888888889,16.61111111111111,,21.722222222222218
2022-01-20,43295099999.0,"BANGALORE, IN",12.9666666,77.5833333,921.0,21.999999999999996,29.0,15.0,,21.999999999999996
2022-01-21,43295099999.0,"BANGALORE, IN",12.9666666,77.5833333,921.0,23.055555555555557,31.38888888888889,16.61111111111111,,23.055555555555557
2022-01-22,43295099999.0,"BANGALORE, IN",12.9666666,77.5833333,921.0,22.88888888888889,31.77777777777778,17.5,,22.88888888888889
2022-01-23,43295099999.0,"BANGALORE, IN",12.9666666,77.5833333,921.0,23.333333333333332,31.22222222222222,17.0,,23.333333333333332
2022-01-24,43295099999.0,"BANGALORE, IN",12.9666666,77.5833333,921.0,22.11111111111111,31.0,16.5,,22.11111111111111
2022-01-25,43295099999.0,"BANGALORE, IN",12.9666666,77.5833333,921.0,21.999999999999996,30.22222222222222,16.22222222222222,,21.999999999999996
2022-01-26,43295099999.0,"BANGALORE, IN",12.9666666,77.5833333,921.0,22.5,29.0,17.77777777777778,,22.5
2022-01-27,43295099999.0,"BANGALORE, IN",12.9666666,77.5833333,921.0,22.16666666666667,28.77777777777778,19.777777777777775,,22.16666666666667
2022-01-28,43295099999.0,"BANGALORE, IN",12.9666666,77.5833333,921.0,21.444444444444443,27.22222222222222,18.22222222222222,,21.444444444444443
2022-01-29,43295099999.0,"BANGALORE, IN",12.9666666,77.5833333,921.0,22.11111111111111,26.77777777777778,17.61111111111111,,22.11111111111111
2022-01-30,43295099999.0,"BANGALORE, IN",12.9666666,77.5833333,921.0,24.055555555555557,29.38888888888889,18.277777777777782,,24.055555555555557
2022-01-31,43295099999.0,"BANGALORE, IN",12.9666666,77.5833333,921.0,24.27777777777778,31.61111111111111,19.222222222222218,,24.27777777777778
2022-02-01,43295099999.0,"BANGALORE, IN",12.9666666,77.5833333,921.0,24.0,30.61111111111111,19.499999999999996,,24.0
2022-02-02,43295099999.0,"BANGALORE, IN",12.9666666,77.5833333,921.0,23.77777777777778,31.5,17.77777777777778,,23.77777777777778
2022-02-03,43295099999.0,"BANGALORE, IN",12.9666666,77.5833333,921.0,23.666666666666664,31.27777777777778,18.88888888888889,,23.666666666666664
2022-02-04,43295099999.0,"BANGALORE, IN",12.9666666,77.5833333,921.0,23.88888888888889,30.61111111111111,18.22222222222222,,23.88888888888889
2022-02-05,43295099999.0,"BANGALORE, IN",12.9666666,77.5833333,921.0,24.27777777777778,31.5,17.5,,24.27777777777778
2022-02-06,43295099999.0,"BANGALORE, IN",12.9666666,77.5833333,921.0,23.388888888888886,32.5,19.61111111111111,,23.388888888888886
2022-02-07,43295099999.0,"BANGALORE, IN",12.9666666,77.5833333,921.0,22.83333333333333,29.77777777777778,18.88888888888889,,22.83333333333333
2022-02-08,43295099999.0,"BANGALORE, IN",12.9666666,77.5833333,921.0,23.055555555555557,30.0,17.61111111111111,,23.055555555555557
2022-02-09,43295099999.0,"BANGALORE, IN",12.9666666,77.5833333,921.0,22.444444444444446,29.5,16.77777777777778,,22.444444444444446
2022-02-10,43295099999.0,"BANGALORE, IN",12.9666666,77.5833333,921.0,22.944444444444443,30.11111111111111,16.11111111111111,,22.944444444444443
2022-02-11,43295099999.0,"BANGALORE, IN",12.9666666,77.5833333,921.0,23.000000000000004,31.0,15.11111111111111,,23.000000000000004
2022-02-12,43295099999.0,"BANGALORE, IN",12.9666666,77.5833333,921.0,23.444444444444443,30.5,17.22222222222222,,23.444444444444443
2022-02-13,43295099999.0,"BANGALORE, IN",12.9666666,77.5833333,921.0,22.77777777777778,30.27777777777778,17.61111111111111,,22.77777777777778
2022-02-14,43295099999.0,"BANGALORE, IN",12.9666666,77.5833333,921.0,23.277777777777782,30.11111111111111,17.0,,23.277777777777782
2022-02-15,43295099999.0,"BANGALORE, IN",12.9666666,77.5833333,921.0,23.111111111111107,30.0,18.277777777777782,,23.111111111111107
2022-02-16,43295099999.0,"BANGALORE, IN",12.9666666,77.5833333,921.0,22.83333333333333,29.22222222222222,16.77777777777778,,22.83333333333333
2022-02-17,43295099999.0,"BANGALORE, IN",12.9666666,77.5833333,921.0,23.61111111111111,30.0,18.000000000000004,,23.61111111111111
2022-02-18,43295099999.0,"BANGALORE, IN",12.9666666,77.5833333,921.0,23.000000000000004,31.0,16.61111111111111,,23.000000000000004
2022-02-19,43295099999.0,"BANGALORE, IN",12.9666666,77.5833333,921.0,23.111111111111107,30.61111111111111,16.0,,23.111111111111107
2022-02-20,43295099999.0,"BANGALORE, IN",12.9666666,77.5833333,921.0,24.72222222222222,32.0,16.77777777777778,,24.72222222222222
2022-02-21,43295099999.0,"BANGALORE, IN",12.9666666,77.5833333,921.0,25.33333333333333,33.111111111111114,17.61111111111111,,25.33333333333333
2022-02-22,43295099999.0,"BANGALORE, IN",12.9666666,77.5833333,921.0,25.27777777777778,33.388888888888886,20.0,,25.27777777777778
2022-02-23,43295099999.0,"BANGALORE, IN",12.9666666,77.5833333,921.0,23.77777777777778,32.0,18.5,,23.77777777777778
2022-02-24,43295099999.0,"BANGALORE, IN",12.9666666,77.5833333,921.0,22.22222222222222,31.5,17.0,,22.22222222222222
2022-02-25,43295099999.0,"BANGALORE, IN",12.9666666,77.5833333,921.0,24.222222222222218,31.22222222222222,17.0,,24.222222222222218
2022-02-26,43295099999.0,"BANGALORE, IN",12.9666666,77.5833333,921.0,24.111111111111114,33.0,16.0,,24.111111111111114
2022-02-27,43295099999.0,"BANGALORE, IN",12.9666666,77.5833333,921.0,24.111111111111114,31.72222222222222,17.38888888888889,,24.111111111111114
2022-02-28,43295099999.0,"BANGALORE, IN",12.9666666,77.5833333,921.0,24.555555555555557,31.38888888888889,16.11111111111111,,24.555555555555557
2022-03-01,43295099999.0,"BANGALORE, IN",12.9666666,77.5833333,921.0,25.166666666666668,32.111111111111114,18.388888888888886,,25.166666666666668
2022-03-02,43295099999.0,"BANGALORE, IN",12.9666666,77.5833333,921.0,24.66666666666667,32.77777777777778,17.22222222222222,,24.66666666666667
2022-03-03,43295099999.0,"BANGALORE, IN",12.9666666,77.5833333,921.0,24.055555555555557,31.77777777777778,15.722222222222221,,24.055555555555557
2022-03-04,43295099999.0,"BANGALORE, IN",12.9666666,77.5833333,921.0,25.0,31.61111111111111,17.61111111111111,,25.0
2022-03-05,43295099999.0,"BANGALORE, IN",12.9666666,77.5833333,921.0,24.833333333333332,32.5,18.61111111111111,,24.833333333333332
2022-03-06,43295099999.0,"BANGALORE, IN",12.9666666,77.5833333,921.0,23.944444444444443,32.111111111111114,18.61111111111111,,23.944444444444443
2022-03-07,43295099999.0,"BANGALORE, IN",12.9666666,77.5833333,921.0,22.38888888888889,30.72222222222222,18.72222222222222,0.0,22.38888888888889
2022-03-08,43295099999.0,"BANGALORE, IN",12.9666666,77.5833333,921.0,24.88888888888889,30.61111111111111,18.000000000000004,0.0,24.88888888888889
2022-03-09,43295099999.0,"BANGALORE, IN",12.9666666,77.5833333,921.0,26.0,32.77777777777778,18.5,,26.0
2022-03-10,43295099999.0,"BANGALORE, IN",12.9666666,77.5833333,921.0,26.0,33.611111111111114,19.388888888888893,,26.0
2022-03-11,43295099999.0,"BANGALORE, IN",12.9666666,77.5833333,921.0,26.22222222222222,33.388888888888886,19.111111111111114,,26.22222222222222
2022-03-12,43295099999.0,"BANGALORE, IN",12.9666666,77.5833333,921.0,26.444444444444443,33.5,18.277777777777782,,26.444444444444443
2022-03-13,43295099999.0,"BANGALORE, IN",12.9666666,77.5833333,921.0,26.444444444444443,33.611111111111114,18.61111111111111,,26.444444444444443
2022-03-14,43295099999.0,"BANGALORE, IN",12.9666666,77.5833333,921.0,26.999999999999996,33.27777777777778,19.27777777777778,,26.999999999999996
2022-03-15,43295099999.0,"BANGALORE, IN",12.9666666,77.5833333,921.0,26.666666666666668,33.77777777777778,20.11111111111111,,26.666666666666668
2022-03-16,43295099999.0,"BANGALORE, IN",12.9666666,77.5833333,921.0,26.944444444444443,34.611111111111114,21.0,,26.944444444444443
2022-03-17,43295099999.0,"BANGALORE, IN",12.9666666,77.5833333,921.0,27.22222222222222,34.5,20.38888888888889,,27.22222222222222
2022-03-18,43295099999.0,"BANGALORE, IN",12.9666666,77.5833333,921.0,27.333333333333332,34.77777777777778,21.77777777777778,,27.333333333333332
2022-03-19,43295099999.0,"BANGALORE, IN",12.9666666,77.5833333,921.0,26.5,34.77777777777778,21.722222222222218,0.0,26.5
2022-03-20,43295099999.0,"BANGALORE, IN",12.9666666,77.5833333,921.0,24.944444444444446,34.111111111111114,21.77777777777778,0.0,24.944444444444446
2022-03-21,43295099999.0,"BANGALORE, IN",12.9666666,77.5833333,921.0,24.66666666666667,33.22222222222222,21.27777777777778,6.095999999999999,24.66666666666667
2022-03-22,43295099999.0,"BANGALORE, IN",12.9666666,77.5833333,921.0,25.555555555555557,33.5,21.77777777777778,7.874,25.555555555555557
2022-03-23,43295099999.0,"BANGALORE, IN",12.9666666,77.5833333,921.0,26.999999999999996,32.388888888888886,21.38888888888889,2.032,26.999999999999996
2022-03-24,43295099999.0,"BANGALORE, IN",12.9666666,77.5833333,921.0,27.11111111111111,33.611111111111114,23.388888888888886,0.0,27.11111111111111
2022-03-25,43295099999.0,"BANGALORE, IN",12.9666666,77.5833333,921.0,26.555555555555557,32.611111111111114,22.38888888888889,,26.555555555555557
2022-03-26,43295099999.0,"BANGALORE, IN",12.9666666,77.5833333,921.0,27.11111111111111,31.77777777777778,22.722222222222225,,27.11111111111111
2022-03-27,43295099999.0,"BANGALORE, IN",12.9666666,77.5833333,921.0,27.83333333333333,33.77777777777778,23.000000000000004,,27.83333333333333
2022-03-28,43295099999.0,"BANGALORE, IN",12.9666666,77.5833333,921.0,28.166666666666668,34.5,23.000000000000004,,28.166666666666668
2022-03-29,43295099999.0,"BANGALORE, IN",12.9666666,77.5833333,921.0,28.72222222222222,34.72222222222222,23.277777777777782,,28.72222222222222
2022-03-30,43295099999.0,"BANGALORE, IN",12.9666666,77.5833333,921.0,27.83333333333333,35.27777777777778,23.22222222222222,,27.83333333333333
2022-03-31,43295099999.0,"BANGALORE, IN",12.9666666,77.5833333,921.0,28.277777777777782,34.27777777777778,22.722222222222225,,28.277777777777782
2022-04-01,43295099999.0,"BANGALORE, IN",12.9666666,77.5833333,921.0,27.055555555555557,34.611111111111114,23.388888888888886,0.254,27.055555555555557
2022-04-02,43295099999.0,"BANGALORE, IN",12.9666666,77.5833333,921.0,27.38888888888889,34.0,21.999999999999996,,27.38888888888889
2022-04-03,43295099999.0,"BANGALORE, IN",12.9666666,77.5833333,921.0,28.22222222222222,33.611111111111114,22.77777777777778,,28.22222222222222
2022-04-04,43295099999.0,"BANGALORE, IN",12.9666666,77.5833333,921.0,27.61111111111111,34.5,21.999999999999996,,27.61111111111111
2022-04-05,43295099999.0,"BANGALORE, IN",12.9666666,77.5833333,921.0,27.277777777777775,34.611111111111114,21.722222222222218,,27.277777777777775
2022-04-06,43295099999.0,"BANGALORE, IN",12.9666666,77.5833333,921.0,28.333333333333332,35.0,21.888888888888893,,28.333333333333332
2022-04-07,43295099999.0,"BANGALORE, IN",12.9666666,77.5833333,921.0,28.61111111111111,35.77777777777778,22.61111111111111,,28.61111111111111
2022-04-08,43295099999.0,"BANGALORE, IN",12.9666666,77.5833333,921.0,28.055555555555557,35.5,21.999999999999996,,28.055555555555557
2022-04-09,43295099999.0,"BANGALORE, IN",12.9666666,77.5833333,921.0,28.333333333333332,34.72222222222222,23.388888888888886,,28.333333333333332
2022-04-10,43295099999.0,"BANGALORE, IN",12.9666666,77.5833333,921.0,27.333333333333332,34.888888888888886,23.77777777777778,,27.333333333333332
2022-04-11,43295099999.0,"BANGALORE, IN",12.9666666,77.5833333,921.0,28.333333333333332,34.22222222222222,22.88888888888889,,28.333333333333332
2022-04-12,43295099999.0,"BANGALORE, IN",12.9666666,77.5833333,921.0,28.388888888888886,35.111111111111114,22.61111111111111,,28.388888888888886
2022-04-13,43295099999.0,"BANGALORE, IN",12.9666666,77.5833333,921.0,25.27777777777778,34.77777777777778,21.999999999999996,,25.27777777777778
2022-04-14,43295099999.0,"BANGALORE, IN",12.9666666,77.5833333,921.0,24.444444444444443,33.72222222222222,19.499999999999996,,24.444444444444443
2022-04-15,43295099999.0,"BANGALORE, IN",12.9666666,77.5833333,921.0,25.444444444444443,31.72222222222222,19.111111111111114,37.592,25.444444444444443
2022-04-16,43295099999.0,"BANGALORE, IN",12.9666666,77.5833333,921.0,26.333333333333336,34.111111111111114,20.611111111111107,0.0,26.333333333333336
2022-04-17,43295099999.0,"BANGALORE, IN",12.9666666,77.5833333,921.0,25.555555555555557,34.111111111111114,20.0,51.053999999999995,25.555555555555557
2022-04-18,43295099999.0,"BANGALORE, IN",12.9666666,77.5833333,921.0,23.77777777777778,32.111111111111114,20.611111111111107,1.016,23.77777777777778
2022-04-19,43295099999.0,"BANGALORE, IN",12.9666666,77.5833333,921.0,26.0,32.388888888888886,20.0,32.766,26.0
2022-04-20,43295099999.0,"BANGALORE, IN",12.9666666,77.5833333,921.0,27.944444444444443,34.111111111111114,21.77777777777778,0.0,27.944444444444443
2022-04-21,43295099999.0,"BANGALORE, IN",12.9666666,77.5833333,921.0,28.111111111111107,34.5,23.22222222222222,,28.111111111111107
2022-04-22,43295099999.0,"BANGALORE, IN",12.9666666,77.5833333,921.0,27.38888888888889,34.5,22.722222222222225,,27.38888888888889
2022-04-23,43295099999.0,"BANGALORE, IN",12.9666666,77.5833333,921.0,26.999999999999996,33.5,22.722222222222225,,26.999999999999996
2022-04-24,43295099999.0,"BANGALORE, IN",12.9666666,77.5833333,921.0,27.88888888888889,34.0,23.277777777777782,,27.88888888888889
2022-04-25,43295099999.0,"BANGALORE, IN",12.9666666,77.5833333,921.0,28.61111111111111,34.611111111111114,23.22222222222222,,28.61111111111111
2022-04-26,43295099999.0,"BANGALORE, IN",12.9666666,77.5833333,921.0,28.944444444444443,34.611111111111114,23.388888888888886,,28.944444444444443
2022-04-27,43295099999.0,"BANGALORE, IN",12.9666666,77.5833333,921.0,29.11111111111111,35.0,23.72222222222222,,29.11111111111111
2022-04-28,43295099999.0,"BANGALORE, IN",12.9666666,77.5833333,921.0,28.5,35.0,24.222222222222218,,28.5
2022-04-29,43295099999.0,"BANGALORE, IN",12.9666666,77.5833333,921.0,29.22222222222222,36.72222222222222,23.277777777777782,0.0,29.22222222222222
2022-04-30,43295099999.0,"BANGALORE, IN",12.9666666,77.5833333,921.0,28.111111111111107,36.72222222222222,22.722222222222225,0.0,28.111111111111107
2022-05-01,43295099999.0,"BANGALORE, IN",12.9666666,77.5833333,921.0,24.944444444444446,34.77777777777778,20.38888888888889,0.0,24.944444444444446
2022-05-02,43295099999.0,"BANGALORE, IN",12.9666666,77.5833333,921.0,26.27777777777778,33.888888888888886,20.222222222222225,54.102,26.27777777777778
2022-05-03,43295099999.0,"BANGALORE, IN",12.9666666,77.5833333,921.0,26.333333333333336,34.0,21.611111111111114,0.0,26.333333333333336
2022-05-04,43295099999.0,"BANGALORE, IN",12.9666666,77.5833333,921.0,25.500000000000004,34.22222222222222,20.888888888888886,8.889999999999999,25.500000000000004
2022-05-05,43295099999.0,"BANGALORE, IN",12.9666666,77.5833333,921.0,23.944444444444443,34.22222222222222,21.0,4.3180000000000005,23.944444444444443
2022-05-06,43295099999.0,"BANGALORE, IN",12.9666666,77.5833333,921.0,25.166666666666668,31.77777777777778,21.27777777777778,0.254,25.166666666666668
2022-05-07,43295099999.0,"BANGALORE, IN",12.9666666,77.5833333,921.0,26.0,33.5,21.22222222222222,5.08,26.0
2022-05-08,43295099999.0,"BANGALORE, IN",12.9666666,77.5833333,921.0,26.055555555555557,33.22222222222222,22.22222222222222,0.0,26.055555555555557
2022-05-09,43295099999.0,"BANGALORE, IN",12.9666666,77.5833333,921.0,25.33333333333333,33.22222222222222,20.777777777777782,2.032,25.33333333333333
2022-05-10,43295099999.0,"BANGALORE, IN",12.9666666,77.5833333,921.0,22.555555555555554,31.5,20.222222222222225,22.86,22.555555555555554
2022-05-11,43295099999.0,"BANGALORE, IN",12.9666666,77.5833333,921.0,22.11111111111111,25.0,20.0,5.08,22.11111111111111
2022-05-12,43295099999.0,"BANGALORE, IN",12.9666666,77.5833333,921.0,21.333333333333336,25.0,19.499999999999996,5.334,21.333333333333336
2022-05-13,43295099999.0,"BANGALORE, IN",12.9666666,77.5833333,921.0,22.944444444444443,26.27777777777778,20.0,2.032,22.944444444444443
2022-05-14,43295099999.0,"BANGALORE, IN",12.9666666,77.5833333,921.0,25.222222222222225,29.72222222222222,21.77777777777778,0.0,25.222222222222225
2022-05-15,43295099999.0,"BANGALORE, IN",12.9666666,77.5833333,921.0,25.166666666666668,29.72222222222222,20.888888888888886,21.081999999999997,25.166666666666668
2022-05-16,43295099999.0,"BANGALORE, IN",12.9666666,77.5833333,921.0,23.88888888888889,29.5,21.611111111111114,0.254,23.88888888888889
2022-05-17,43295099999.0,"BANGALORE, IN",12.9666666,77.5833333,921.0,23.77777777777778,30.11111111111111,21.11111111111111,6.35,23.77777777777778
2022-05-18,43295099999.0,"BANGALORE, IN",12.9666666,77.5833333,921.0,24.333333333333332,29.0,20.222222222222225,114.55399999999999,24.333333333333332
2022-05-19,43295099999.0,"BANGALORE, IN",12.9666666,77.5833333,921.0,20.611111111111107,29.0,19.0,0.7619999999999999,20.611111111111107
2022-05-20,43295099999.0,"BANGALORE, IN",12.9666666,77.5833333,921.0,21.77777777777778,26.999999999999996,17.88888888888889,4.826,21.77777777777778
2022-05-21,43295099999.0,"BANGALORE, IN",12.9666666,77.5833333,921.0,22.83333333333333,26.999999999999996,18.77777777777778,3.8099999999999996,22.83333333333333
2022-05-22,43295099999.0,"BANGALORE, IN",12.9666666,77.5833333,921.0,23.77777777777778,28.5,20.72222222222222,0.0,23.77777777777778
2022-05-23,43295099999.0,"BANGALORE, IN",12.9666666,77.5833333,921.0,25.777777777777782,30.27777777777778,21.0,,25.777777777777782
2022-05-24,43295099999.0,"BANGALORE, IN",12.9666666,77.5833333,921.0,26.166666666666664,30.72222222222222,22.11111111111111,0.0,26.166666666666664
2022-05-25,43295099999.0,"BANGALORE, IN",12.9666666,77.5833333,921.0,25.500000000000004,30.72222222222222,22.22222222222222,,25.500000000000004
2022-05-26,43295099999.0,"BANGALORE, IN",12.9666666,77.5833333,921.0,26.11111111111111,31.88888888888889,22.61111111111111,,26.11111111111111
2022-05-27,43295099999.0,"BANGALORE, IN",12.9666666,77.5833333,921.0,26.055555555555557,31.88888888888889,21.611111111111114,0.0,26.055555555555557
2022-05-28,43295099999.0,"BANGALORE, IN",12.9666666,77.5833333,921.0,25.72222222222222,31.0,21.22222222222222,,25.72222222222222
2022-05-29,43295099999.0,"BANGALORE, IN",12.9666666,77.5833333,921.0,25.833333333333332,30.61111111111111,21.22222222222222,,25.833333333333332
2022-05-30,43295099999.0,"BANGALORE, IN",12.9666666,77.5833333,921.0,24.777777777777775,30.61111111111111,21.0,,24.777777777777775
2022-05-31,43295099999.0,"BANGALORE, IN",12.9666666,77.5833333,921.0,24.055555555555557,30.38888888888889,20.611111111111107,6.858,24.055555555555557
2022-06-01,43295099999.0,"BANGALORE, IN",12.9666666,77.5833333,921.0,25.222222222222225,30.38888888888889,21.22222222222222,3.302,25.222222222222225
2022-06-02,43295099999.0,"BANGALORE, IN",12.9666666,77.5833333,921.0,25.72222222222222,31.0,21.999999999999996,0.0,25.72222222222222
2022-06-03,43295099999.0,"BANGALORE, IN",12.9666666,77.5833333,921.0,24.72222222222222,32.22222222222222,20.611111111111107,23.875999999999998,24.72222222222222
2022-06-04,43295099999.0,"BANGALORE, IN",12.9666666,77.5833333,921.0,25.72222222222222,33.0,19.499999999999996,4.064,25.72222222222222
2022-06-05,43295099999.0,"BANGALORE, IN",12.9666666,77.5833333,921.0,25.444444444444443,32.5,20.0,0.0,25.444444444444443
2022-06-06,43295099999.0,"BANGALORE, IN",12.9666666,77.5833333,921.0,24.777777777777775,32.5,19.111111111111114,32.004,24.777777777777775
2022-06-07,43295099999.0,"BANGALORE, IN",12.9666666,77.5833333,921.0,24.944444444444446,30.61111111111111,21.11111111111111,0.7619999999999999,24.944444444444446
2022-06-08,43295099999.0,"BANGALORE, IN",12.9666666,77.5833333,921.0,25.11111111111111,30.61111111111111,21.22222222222222,0.0,25.11111111111111
2022-06-09,43295099999.0,"BANGALORE, IN",12.9666666,77.5833333,921.0,25.222222222222225,30.61111111111111,21.5,,25.222222222222225
2022-06-10,43295099999.0,"BANGALORE, IN",12.9666666,77.5833333,921.0,25.11111111111111,30.61111111111111,21.11111111111111,,25.11111111111111
2022-06-11,43295099999.0,"BANGALORE, IN",12.9666666,77.5833333,921.0,24.66666666666667,30.38888888888889,20.611111111111107,,24.66666666666667
2022-06-12,43295099999.0,"BANGALORE, IN",12.9666666,77.5833333,921.0,24.88888888888889,30.5,20.888888888888886,,24.88888888888889
2022-06-13,43295099999.0,"BANGALORE, IN",12.9666666,77.5833333,921.0,25.166666666666668,30.5,20.611111111111107,,25.166666666666668
2022-06-14,43295099999.0,"BANGALORE, IN",12.9666666,77.5833333,921.0,24.944444444444446,31.88888888888889,20.611111111111107,9.906,24.944444444444446
2022-06-15,43295099999.0,"BANGALORE, IN",12.9666666,77.5833333,921.0,23.72222222222222,31.88888888888889,20.222222222222225,30.987999999999996,23.72222222222222
2022-06-16,43295099999.0,"BANGALORE, IN",12.9666666,77.5833333,921.0,24.499999999999996,30.61111111111111,21.0,0.0,24.499999999999996
2022-06-17,43295099999.0,"BANGALORE, IN",12.9666666,77.5833333,921.0,24.555555555555557,30.61111111111111,19.72222222222222,38.862,24.555555555555557
2022-06-18,43295099999.0,"BANGALORE, IN",12.9666666,77.5833333,921.0,23.833333333333336,30.5,21.22222222222222,42.925999999999995,23.833333333333336
2022-06-19,43295099999.0,"BANGALORE, IN",12.9666666,77.5833333,921.0,24.166666666666668,29.5,21.11111111111111,1.016,24.166666666666668
2022-06-20,43295099999.0,"BANGALORE, IN",12.9666666,77.5833333,921.0,24.055555555555557,29.5,20.72222222222222,2.032,24.055555555555557
2022-06-21,43295099999.0,"BANGALORE, IN",12.9666666,77.5833333,921.0,23.22222222222222,27.77777777777778,20.777777777777782,14.985999999999999,23.22222222222222
2022-06-22,43295099999.0,"BANGALORE, IN",12.9666666,77.5833333,921.0,22.722222222222225,27.77777777777778,20.38888888888889,0.254,22.722222222222225
2022-06-23,43295099999.0,"BANGALORE, IN",12.9666666,77.5833333,921.0,23.111111111111107,26.22222222222222,20.38888888888889,0.0,23.111111111111107
2022-06-24,43295099999.0,"BANGALORE, IN",12.9666666,77.5833333,921.0,24.055555555555557,28.77777777777778,20.72222222222222,,24.055555555555557
2022-06-25,43295099999.0,"BANGALORE, IN",12.9666666,77.5833333,921.0,23.000000000000004,28.77777777777778,20.500000000000004,3.0479999999999996,23.000000000000004
2022-06-26,43295099999.0,"BANGALORE, IN",12.9666666,77.5833333,921.0,23.77777777777778,28.277777777777782,20.500000000000004,0.0,23.77777777777778
2022-06-27,43295099999.0,"BANGALORE, IN",12.9666666,77.5833333,921.0,23.666666666666664,28.277777777777782,20.11111111111111,0.0,23.666666666666664
2022-06-28,43295099999.0,"BANGALORE, IN",12.9666666,77.5833333,921.0,23.944444444444443,28.000000000000004,20.222222222222225,0.0,23.944444444444443
2022-06-29,43295099999.0,"BANGALORE, IN",12.9666666,77.5833333,921.0,23.88888888888889,29.5,21.11111111111111,0.0,23.88888888888889
2022-06-30,43295099999.0,"BANGALORE, IN",12.9666666,77.5833333,921.0,23.22222222222222,29.5,20.500000000000004,5.842,23.22222222222222
2022-07-01,43295099999.0,"BANGALORE, IN",12.9666666,77.5833333,921.0,23.61111111111111,28.72222222222222,20.500000000000004,3.556,23.61111111111111
2022-07-02,43295099999.0,"BANGALORE, IN",12.9666666,77.5833333,921.0,24.055555555555557,28.72222222222222,20.888888888888886,0.0,24.055555555555557
2022-07-03,43295099999.0,"BANGALORE, IN",12.9666666,77.5833333,921.0,23.5,28.5,21.11111111111111,0.0,23.5
2022-07-04,43295099999.0,"BANGALORE, IN",12.9666666,77.5833333,921.0,22.5,26.999999999999996,20.38888888888889,0.0,22.5
2022-07-05,43295099999.0,"BANGALORE, IN",12.9666666,77.5833333,921.0,22.88888888888889,26.5,20.11111111111111,2.032,22.88888888888889
2022-07-06,43295099999.0,"BANGALORE, IN",12.9666666,77.5833333,921.0,22.055555555555557,26.5,20.611111111111107,0.254,22.055555555555557
2022-07-07,43295099999.0,"BANGALORE, IN",12.9666666,77.5833333,921.0,21.444444444444443,25.0,20.222222222222225,1.016,21.444444444444443
2022-07-08,43295099999.0,"BANGALORE, IN",12.9666666,77.5833333,921.0,21.444444444444443,25.500000000000004,19.72222222222222,6.095999999999999,21.444444444444443
2022-07-09,43295099999.0,"BANGALORE, IN",12.9666666,77.5833333,921.0,21.666666666666668,25.500000000000004,19.777777777777775,7.112,21.666666666666668
2022-07-10,43295099999.0,"BANGALORE, IN",12.9666666,77.5833333,921.0,22.38888888888889,26.22222222222222,20.0,14.985999999999999,22.38888888888889
2022-07-11,43295099999.0,"BANGALORE, IN",12.9666666,77.5833333,921.0,21.666666666666668,26.22222222222222,20.222222222222225,0.7619999999999999,21.666666666666668
2022-07-12,43295099999.0,"BANGALORE, IN",12.9666666,77.5833333,921.0,23.166666666666668,27.5,19.777777777777775,4.571999999999999,23.166666666666668
2022-07-13,43295099999.0,"BANGALORE, IN",12.9666666,77.5833333,921.0,21.555555555555557,27.5,19.72222222222222,1.016,21.555555555555557
2022-07-14,43295099999.0,"BANGALORE, IN",12.9666666,77.5833333,921.0,21.166666666666664,24.27777777777778,19.499999999999996,2.032,21.166666666666664
2022-07-15,43295099999.0,"BANGALORE, IN",12.9666666,77.5833333,921.0,22.277777777777775,25.611111111111107,19.499999999999996,2.2859999999999996,22.277777777777775
2022-07-16,43295099999.0,"BANGALORE, IN",12.9666666,77.5833333,921.0,21.999999999999996,25.611111111111107,20.11111111111111,0.508,21.999999999999996
2022-07-17,43295099999.0,"BANGALORE, IN",12.9666666,77.5833333,921.0,23.22222222222222,26.722222222222218,20.222222222222225,0.0,23.22222222222222
2022-07-18,43295099999.0,"BANGALORE, IN",12.9666666,77.5833333,921.0,22.61111111111111,27.5,20.888888888888886,0.254,22.61111111111111
2022-07-19,43295099999.0,"BANGALORE, IN",12.9666666,77.5833333,921.0,24.66666666666667,28.61111111111111,20.11111111111111,0.0,24.66666666666667
2022-07-20,43295099999.0,"BANGALORE, IN",12.9666666,77.5833333,921.0,24.944444444444446,30.77777777777778,21.38888888888889,0.0,24.944444444444446
2022-07-21,43295099999.0,"BANGALORE, IN",12.9666666,77.5833333,921.0,23.72222222222222,30.77777777777778,20.500000000000004,82.55,23.72222222222222
2022-07-22,43295099999.0,"BANGALORE, IN",12.9666666,77.5833333,921.0,23.111111111111107,27.88888888888889,21.11111111111111,0.0,23.111111111111107
2022-07-23,43295099999.0,"BANGALORE, IN",12.9666666,77.5833333,921.0,23.055555555555557,26.722222222222218,20.888888888888886,0.0,23.055555555555557
2022-07-24,43295099999.0,"BANGALORE, IN",12.9666666,77.5833333,921.0,22.77777777777778,26.722222222222218,20.0,0.254,22.77777777777778
2022-07-25,43295099999.0,"BANGALORE, IN",12.9666666,77.5833333,921.0,24.111111111111114,28.5,20.222222222222225,0.508,24.111111111111114
2022-07-26,43295099999.0,"BANGALORE, IN",12.9666666,77.5833333,921.0,23.944444444444443,28.5,21.22222222222222,0.0,23.944444444444443
2022-07-27,43295099999.0,"BANGALORE, IN",12.9666666,77.5833333,921.0,24.111111111111114,29.5,20.777777777777782,0.7619999999999999,24.111111111111114
2022-07-28,43295099999.0,"BANGALORE, IN",12.9666666,77.5833333,921.0,25.11111111111111,30.22222222222222,20.888888888888886,3.0479999999999996,25.11111111111111
2022-07-29,43295099999.0,"BANGALORE, IN",12.9666666,77.5833333,921.0,25.72222222222222,30.72222222222222,21.38888888888889,1.27,25.72222222222222
2022-07-30,43295099999.0,"BANGALORE, IN",12.9666666,77.5833333,921.0,25.33333333333333,30.72222222222222,20.27777777777778,4.064,25.33333333333333
2022-07-31,43295099999.0,"BANGALORE, IN",12.9666666,77.5833333,921.0,23.5,31.5,20.500000000000004,48.26,23.5
2022-08-01,43295099999.0,"BANGALORE, IN",12.9666666,77.5833333,921.0,24.222222222222218,30.5,20.27777777777778,13.97,24.222222222222218
2022-08-02,43295099999.0,"BANGALORE, IN",12.9666666,77.5833333,921.0,22.61111111111111,30.5,20.11111111111111,45.974,22.61111111111111
2022-08-03,43295099999.0,"BANGALORE, IN",12.9666666,77.5833333,921.0,22.38888888888889,28.111111111111107,19.72222222222222,62.992,22.38888888888889
2022-08-04,43295099999.0,"BANGALORE, IN",12.9666666,77.5833333,921.0,21.722222222222218,27.5,20.222222222222225,1.778,21.722222222222218
2022-08-05,43295099999.0,"BANGALORE, IN",12.9666666,77.5833333,921.0,21.444444444444443,24.27777777777778,20.0,7.874,21.444444444444443
2022-08-06,43295099999.0,"BANGALORE, IN",12.9666666,77.5833333,921.0,21.77777777777778,24.27777777777778,19.777777777777775,2.54,21.77777777777778
2022-08-07,43295099999.0,"BANGALORE, IN",12.9666666,77.5833333,921.0,21.888888888888893,24.61111111111111,20.222222222222225,3.8099999999999996,21.888888888888893
2022-08-08,43295099999.0,"BANGALORE, IN",12.9666666,77.5833333,921.0,21.944444444444443,24.61111111111111,20.222222222222225,3.0479999999999996,21.944444444444443
2022-08-09,43295099999.0,"BANGALORE, IN",12.9666666,77.5833333,921.0,22.055555555555557,26.11111111111111,19.777777777777775,2.54,22.055555555555557
2022-08-10,43295099999.0,"BANGALORE, IN",12.9666666,77.5833333,921.0,22.944444444444443,26.888888888888893,19.61111111111111,2.2859999999999996,22.944444444444443
2022-08-11,43295099999.0,"BANGALORE, IN",12.9666666,77.5833333,921.0,22.83333333333333,27.5,19.72222222222222,0.0,22.83333333333333
2022-08-12,43295099999.0,"BANGALORE, IN",12.9666666,77.5833333,921.0,23.277777777777782,27.5,20.11111111111111,1.778,23.277777777777782
2022-08-13,43295099999.0,"BANGALORE, IN",12.9666666,77.5833333,921.0,23.388888888888886,27.61111111111111,19.777777777777775,0.254,23.388888888888886
2022-08-14,43295099999.0,"BANGALORE, IN",12.9666666,77.5833333,921.0,23.055555555555557,27.61111111111111,19.61111111111111,0.0,23.055555555555557
2022-08-15,43295099999.0,"BANGALORE, IN",12.9666666,77.5833333,921.0,23.77777777777778,28.000000000000004,20.11111111111111,,23.77777777777778
2022-08-16,43295099999.0,"BANGALORE, IN",12.9666666,77.5833333,921.0,24.777777777777775,30.0,20.500000000000004,,24.777777777777775
2022-08-17,43295099999.0,"BANGALORE, IN",12.9666666,77.5833333,921.0,25.166666666666668,30.0,21.11111111111111,,25.166666666666668
2022-08-18,43295099999.0,"BANGALORE, IN",12.9666666,77.5833333,921.0,,,,,24.555555555555557
2022-08-19,43295099999.0,"BANGALORE, IN",12.9666666,77.5833333,921.0,23.944444444444443,30.0,21.11111111111111,0.0,23.944444444444443
2022-08-20,43295099999.0,"BANGALORE, IN",12.9666666,77.5833333,921.0,23.055555555555557,29.11111111111111,20.500000000000004,,23.055555555555557
2022-08-21,43295099999.0,"BANGALORE, IN",12.9666666,77.5833333,921.0,23.055555555555557,29.11111111111111,21.22222222222222,0.508,23.055555555555557
2022-08-22,43295099999.0,"BANGALORE, IN",12.9666666,77.5833333,921.0,22.722222222222225,28.5,20.72222222222222,16.509999999999998,22.722222222222225
2022-08-23,43295099999.0,"BANGALORE, IN",12.9666666,77.5833333,921.0,23.833333333333336,28.277777777777782,20.777777777777782,7.874,23.833333333333336
2022-08-24,43295099999.0,"BANGALORE, IN",12.9666666,77.5833333,921.0,22.722222222222225,28.72222222222222,20.38888888888889,0.0,22.722222222222225
2022-08-25,43295099999.0,"BANGALORE, IN",12.9666666,77.5833333,921.0,23.22222222222222,28.000000000000004,20.11111111111111,19.049999999999997,23.22222222222222
2022-08-26,43295099999.0,"BANGALORE, IN",12.9666666,77.5833333,921.0,22.83333333333333,28.000000000000004,20.27777777777778,41.401999999999994,22.83333333333333
2022-08-27,43295099999.0,"BANGALORE, IN",12.9666666,77.5833333,921.0,22.88888888888889,27.22222222222222,19.27777777777778,21.081999999999997,22.88888888888889
2022-08-28,43295099999.0,"BANGALORE, IN",12.9666666,77.5833333,921.0,23.72222222222222,28.000000000000004,19.222222222222218,14.985999999999999,23.72222222222222
2022-08-29,43295099999.0,"BANGALORE, IN",12.9666666,77.5833333,921.0,22.61111111111111,28.388888888888886,20.72222222222222,0.508,22.61111111111111
2022-08-30,43295099999.0,"BANGALORE, IN",12.9666666,77.5833333,921.0,24.055555555555557,28.77777777777778,20.222222222222225,93.98,24.055555555555557
2022-08-31,43295099999.0,"BANGALORE, IN",12.9666666,77.5833333,921.0,23.111111111111107,28.77777777777778,20.0,3.0479999999999996,23.111111111111107
2022-09-01,43295099999.0,"BANGALORE, IN",12.9666666,77.5833333,921.0,23.111111111111107,27.22222222222222,21.0,0.0,23.111111111111107
2022-09-02,43295099999.0,"BANGALORE, IN",12.9666666,77.5833333,921.0,23.5,28.388888888888886,20.0,11.937999999999999,23.5
2022-09-03,43295099999.0,"BANGALORE, IN",12.9666666,77.5833333,921.0,25.11111111111111,30.0,21.0,0.0,25.11111111111111
2022-09-04,43295099999.0,"BANGALORE, IN",12.9666666,77.5833333,921.0,23.833333333333336,30.0,20.38888888888889,40.894,23.833333333333336
2022-09-05,43295099999.0,"BANGALORE, IN",12.9666666,77.5833333,921.0,23.72222222222222,30.0,19.499999999999996,131.57199999999997,23.72222222222222
2022-09-06,43295099999.0,"BANGALORE, IN",12.9666666,77.5833333,921.0,23.388888888888886,31.0,20.11111111111111,39.878,23.388888888888886
2022-09-07,43295099999.0,"BANGALORE, IN",12.9666666,77.5833333,921.0,22.38888888888889,29.5,20.72222222222222,38.862,22.38888888888889
2022-09-08,43295099999.0,"BANGALORE, IN",12.9666666,77.5833333,921.0,22.055555555555557,26.0,19.88888888888889,4.064,22.055555555555557
2022-09-09,43295099999.0,"BANGALORE, IN",12.9666666,77.5833333,921.0,23.333333333333332,26.611111111111114,20.27777777777778,0.7619999999999999,23.333333333333332
2022-09-10,43295099999.0,"BANGALORE, IN",12.9666666,77.5833333,921.0,22.666666666666668,27.5,20.777777777777782,0.0,22.666666666666668
2022-09-11,43295099999.0,"BANGALORE, IN",12.9666666,77.5833333,921.0,22.77777777777778,26.77777777777778,20.500000000000004,0.7619999999999999,22.77777777777778
2022-09-12,43295099999.0,"BANGALORE, IN",12.9666666,77.5833333,921.0,22.88888888888889,28.277777777777782,20.0,0.7619999999999999,22.88888888888889
2022-09-13,43295099999.0,"BANGALORE, IN",12.9666666,77.5833333,921.0,22.722222222222225,28.277777777777782,19.61111111111111,0.0,22.722222222222225
2022-09-14,43295099999.0,"BANGALORE, IN",12.9666666,77.5833333,921.0,22.83333333333333,27.77777777777778,20.0,3.0479999999999996,22.83333333333333
2022-09-15,43295099999.0,"BANGALORE, IN",12.9666666,77.5833333,921.0,23.333333333333332,27.77777777777778,19.777777777777775,0.254,23.333333333333332
2022-09-16,43295099999.0,"BANGALORE, IN",12.9666666,77.5833333,921.0,23.88888888888889,28.000000000000004,20.0,0.0,23.88888888888889
2022-09-17,43295099999.0,"BANGALORE, IN",12.9666666,77.5833333,921.0,24.333333333333332,28.5,20.27777777777778,,24.333333333333332
2022-09-18,43295099999.0,"BANGALORE, IN",12.9666666,77.5833333,921.0,24.388888888888893,29.5,20.611111111111107,,24.388888888888893
2022-09-19,43295099999.0,"BANGALORE, IN",12.9666666,77.5833333,921.0,23.944444444444443,29.27777777777778,20.500000000000004,0.254,23.944444444444443
2022-09-20,43295099999.0,"BANGALORE, IN",12.9666666,77.5833333,921.0,23.22222222222222,28.22222222222222,19.111111111111114,0.0,23.22222222222222
2022-09-21,43295099999.0,"BANGALORE, IN",12.9666666,77.5833333,921.0,23.111111111111107,27.88888888888889,19.61111111111111,,23.111111111111107
2022-09-22,43295099999.0,"BANGALORE, IN",12.9666666,77.5833333,921.0,24.0,28.5,19.111111111111114,,24.0
2022-09-23,43295099999.0,"BANGALORE, IN",12.9666666,77.5833333,921.0,23.88888888888889,28.88888888888889,19.72222222222222,,23.88888888888889
2022-09-24,43295099999.0,"BANGALORE, IN",12.9666666,77.5833333,921.0,23.555555555555557,28.88888888888889,20.38888888888889,,23.555555555555557
2022-09-25,43295099999.0,"BANGALORE, IN",12.9666666,77.5833333,921.0,24.27777777777778,28.88888888888889,19.61111111111111,,24.27777777777778
2022-09-26,43295099999.0,"BANGALORE, IN",12.9666666,77.5833333,921.0,22.555555555555554,29.38888888888889,21.0,,22.555555555555554
2022-09-27,43295099999.0,"BANGALORE, IN",12.9666666,77.5833333,921.0,24.111111111111114,27.11111111111111,20.611111111111107,,24.111111111111114
2022-09-28,43295099999.0,"BANGALORE, IN",12.9666666,77.5833333,921.0,23.666666666666664,27.722222222222225,21.11111111111111,,23.666666666666664
2022-09-29,43295099999.0,"BANGALORE, IN",12.9666666,77.5833333,921.0,23.444444444444443,27.61111111111111,20.38888888888889,,23.444444444444443
2022-09-30,43295099999.0,"BANGALORE, IN",12.9666666,77.5833333,921.0,21.722222222222218,27.22222222222222,19.72222222222222,,21.722222222222218
2022-10-01,43295099999.0,"BANGALORE, IN",12.9666666,77.5833333,921.0,20.944444444444443,25.38888888888889,18.72222222222222,18.287999999999997,20.944444444444443
2022-10-02,43295099999.0,"BANGALORE, IN",12.9666666,77.5833333,921.0,22.666666666666668,25.222222222222225,18.22222222222222,0.0,22.666666666666668
2022-10-03,43295099999.0,"BANGALORE, IN",12.9666666,77.5833333,921.0,22.5,26.22222222222222,20.222222222222225,,22.5
2022-10-04,43295099999.0,"BANGALORE, IN",12.9666666,77.5833333,921.0,23.055555555555557,26.5,20.500000000000004,0.508,23.055555555555557
2022-10-05,43295099999.0,"BANGALORE, IN",12.9666666,77.5833333,921.0,24.055555555555557,27.5,20.38888888888889,0.0,24.055555555555557
2022-10-06,43295099999.0,"BANGALORE, IN",12.9666666,77.5833333,921.0,23.444444444444443,25.38888888888889,21.0,,23.444444444444443
2022-10-07,43295099999.0,"BANGALORE, IN",12.9666666,77.5833333,921.0,23.77777777777778,26.999999999999996,19.27777777777778,0.0,23.77777777777778
2022-10-08,43295099999.0,"BANGALORE, IN",12.9666666,77.5833333,921.0,23.22222222222222,27.5,20.0,,23.22222222222222
2022-10-09,43295099999.0,"BANGALORE, IN",12.9666666,77.5833333,921.0,22.944444444444443,28.000000000000004,21.22222222222222,0.0,22.944444444444443
2022-10-10,43295099999.0,"BANGALORE, IN",12.9666666,77.5833333,921.0,23.555555555555557,26.77777777777778,20.777777777777782,2.032,23.555555555555557
2022-10-11,43295099999.0,"BANGALORE, IN",12.9666666,77.5833333,921.0,23.666666666666664,28.277777777777782,21.5,28.194000000000003,23.666666666666664
2022-10-12,43295099999.0,"BANGALORE, IN",12.9666666,77.5833333,921.0,23.944444444444443,27.722222222222225,21.38888888888889,0.0,23.944444444444443
2022-10-13,43295099999.0,"BANGALORE, IN",12.9666666,77.5833333,921.0,24.0,29.0,20.611111111111107,4.064,24.0
2022-10-14,43295099999.0,"BANGALORE, IN",12.9666666,77.5833333,921.0,22.5,29.0,20.11111111111111,66.03999999999999,22.5
2022-10-15,43295099999.0,"BANGALORE, IN",12.9666666,77.5833333,921.0,23.111111111111107,27.38888888888889,19.777777777777775,45.974,23.111111111111107
2022-10-16,43295099999.0,"BANGALORE, IN",12.9666666,77.5833333,921.0,22.5,26.888888888888893,20.11111111111111,35.05199999999999,22.5
2022-10-17,43295099999.0,"BANGALORE, IN",12.9666666,77.5833333,921.0,24.166666666666668,26.22222222222222,21.999999999999996,0.0,24.166666666666668
2022-10-18,43295099999.0,"BANGALORE, IN",12.9666666,77.5833333,921.0,23.055555555555557,28.5,20.611111111111107,0.254,23.055555555555557
2022-10-19,43295099999.0,"BANGALORE, IN",12.9666666,77.5833333,921.0,23.055555555555557,29.0,19.388888888888893,28.955999999999996,23.055555555555557
2022-10-20,43295099999.0,"BANGALORE, IN",12.9666666,77.5833333,921.0,23.388888888888886,30.0,19.388888888888893,60.959999999999994,23.388888888888886
2022-10-21,43295099999.0,"BANGALORE, IN",12.9666666,77.5833333,921.0,23.77777777777778,28.77777777777778,20.11111111111111,0.0,23.77777777777778
2022-10-22,43295099999.0,"BANGALORE, IN",12.9666666,77.5833333,921.0,23.22222222222222,28.000000000000004,19.388888888888893,0.0,23.22222222222222
2022-10-23,43295099999.0,"BANGALORE, IN",12.9666666,77.5833333,921.0,22.333333333333332,27.88888888888889,18.111111111111107,0.0,22.333333333333332
2022-10-24,43295099999.0,"BANGALORE, IN",12.9666666,77.5833333,921.0,21.666666666666668,28.388888888888886,16.77777777777778,0.0,21.666666666666668
2022-10-25,43295099999.0,"BANGALORE, IN",12.9666666,77.5833333,921.0,21.999999999999996,28.000000000000004,15.38888888888889,,21.999999999999996
2022-10-26,43295099999.0,"BANGALORE, IN",12.9666666,77.5833333,921.0,22.666666666666668,29.0,16.27777777777778,,22.666666666666668
2022-10-27,43295099999.0,"BANGALORE, IN",12.9666666,77.5833333,921.0,22.722222222222225,29.5,15.5,,22.722222222222225
2022-10-28,43295099999.0,"BANGALORE, IN",12.9666666,77.5833333,921.0,22.722222222222225,29.72222222222222,18.72222222222222,0.0,22.722222222222225
2022-10-29,43295099999.0,"BANGALORE, IN",12.9666666,77.5833333,921.0,21.999999999999996,27.722222222222225,19.222222222222218,0.0,21.999999999999996
2022-10-30,43295099999.0,"BANGALORE, IN",12.9666666,77.5833333,921.0,22.61111111111111,26.888888888888893,18.72222222222222,10.668,22.61111111111111
2022-10-31,43295099999.0,"BANGALORE, IN",12.9666666,77.5833333,921.0,23.277777777777782,28.22222222222222,19.0,0.0,23.277777777777782
2022-11-01,43295099999.0,"BANGALORE, IN",12.9666666,77.5833333,921.0,21.611111111111114,29.27777777777778,19.61111111111111,0.0,21.611111111111114
2022-11-02,43295099999.0,"BANGALORE, IN",12.9666666,77.5833333,921.0,20.888888888888886,26.5,18.77777777777778,7.874,20.888888888888886
2022-11-03,43295099999.0,"BANGALORE, IN",12.9666666,77.5833333,921.0,21.333333333333336,24.0,19.61111111111111,3.302,21.333333333333336
2022-11-04,43295099999.0,"BANGALORE, IN",12.9666666,77.5833333,921.0,22.38888888888889,26.0,20.11111111111111,7.874,22.38888888888889
2022-11-05,43295099999.0,"BANGALORE, IN",12.9666666,77.5833333,921.0,22.77777777777778,26.999999999999996,19.388888888888893,0.0,22.77777777777778
2022-11-06,43295099999.0,"BANGALORE, IN",12.9666666,77.5833333,921.0,22.16666666666667,27.5,19.111111111111114,0.0,22.16666666666667
2022-11-07,43295099999.0,"BANGALORE, IN",12.9666666,77.5833333,921.0,22.5,27.77777777777778,18.5,4.3180000000000005,22.5
2022-11-08,43295099999.0,"BANGALORE, IN",12.9666666,77.5833333,921.0,23.277777777777782,29.0,17.88888888888889,0.0,23.277777777777782
2022-11-09,43295099999.0,"BANGALORE, IN",12.9666666,77.5833333,921.0,22.5,29.0,18.5,,22.5
2022-11-10,43295099999.0,"BANGALORE, IN",12.9666666,77.5833333,921.0,22.722222222222225,27.77777777777778,18.111111111111107,0.0,22.722222222222225
2022-11-11,43295099999.0,"BANGALORE, IN",12.9666666,77.5833333,921.0,20.611111111111107,28.388888888888886,19.61111111111111,0.0,20.611111111111107
2022-11-12,43295099999.0,"BANGALORE, IN",12.9666666,77.5833333,921.0,20.555555555555557,22.22222222222222,19.499999999999996,0.7619999999999999,20.555555555555557
2022-11-13,43295099999.0,"BANGALORE, IN",12.9666666,77.5833333,921.0,21.22222222222222,22.77777777777778,19.388888888888893,22.86,21.22222222222222
2022-11-14,43295099999.0,"BANGALORE, IN",12.9666666,77.5833333,921.0,22.277777777777775,26.611111111111114,19.0,0.254,22.277777777777775
2022-11-15,43295099999.0,"BANGALORE, IN",12.9666666,77.5833333,921.0,22.666666666666668,28.22222222222222,18.77777777777778,0.7619999999999999,22.666666666666668
2022-11-16,43295099999.0,"BANGALORE, IN",12.9666666,77.5833333,921.0,22.83333333333333,27.61111111111111,19.0,0.0,22.83333333333333
2022-11-17,43295099999.0,"BANGALORE, IN",12.9666666,77.5833333,921.0,21.22222222222222,28.388888888888886,16.77777777777778,,21.22222222222222
2022-11-18,43295099999.0,"BANGALORE, IN",12.9666666,77.5833333,921.0,21.666666666666668,28.388888888888886,15.61111111111111,,21.666666666666668
2022-11-19,43295099999.0,"BANGALORE, IN",12.9666666,77.5833333,921.0,20.833333333333332,27.77777777777778,15.777777777777779,,20.833333333333332
2022-11-20,43295099999.0,"BANGALORE, IN",12.9666666,77.5833333,921.0,19.444444444444443,26.999999999999996,15.38888888888889,,19.444444444444443
2022-11-21,43295099999.0,"BANGALORE, IN",12.9666666,77.5833333,921.0,21.611111111111114,26.611111111111114,13.88888888888889,,21.611111111111114
2022-11-22,43295099999.0,"BANGALORE, IN",12.9666666,77.5833333,921.0,21.38888888888889,27.22222222222222,19.0,0.254,21.38888888888889
2022-11-23,43295099999.0,"BANGALORE, IN",12.9666666,77.5833333,921.0,21.944444444444443,24.777777777777775,20.27777777777778,0.0,21.944444444444443
2022-11-24,43295099999.0,"BANGALORE, IN",12.9666666,77.5833333,921.0,21.22222222222222,25.611111111111107,20.38888888888889,3.0479999999999996,21.22222222222222
2022-11-25,43295099999.0,"BANGALORE, IN",12.9666666,77.5833333,921.0,22.38888888888889,26.999999999999996,18.61111111111111,6.095999999999999,22.38888888888889
2022-11-26,43295099999.0,"BANGALORE, IN",12.9666666,77.5833333,921.0,22.88888888888889,27.277777777777775,18.77777777777778,0.0,22.88888888888889
2022-11-27,43295099999.0,"BANGALORE, IN",12.9666666,77.5833333,921.0,23.61111111111111,28.22222222222222,20.0,,23.61111111111111
2022-11-28,43295099999.0,"BANGALORE, IN",12.9666666,77.5833333,921.0,23.277777777777782,28.000000000000004,20.222222222222225,,23.277777777777782
2022-11-29,43295099999.0,"BANGALORE, IN",12.9666666,77.5833333,921.0,22.5,28.277777777777782,19.388888888888893,,22.5
2022-11-30,43295099999.0,"BANGALORE, IN",12.9666666,77.5833333,921.0,21.611111111111114,27.77777777777778,17.0,,21.611111111111114
2022-12-01,43295099999.0,"BANGALORE, IN",12.9666666,77.5833333,921.0,21.333333333333336,28.111111111111107,17.77777777777778,,21.333333333333336
2022-12-02,43295099999.0,"BANGALORE, IN",12.9666666,77.5833333,921.0,22.88888888888889,27.38888888888889,19.777777777777775,,22.88888888888889
2022-12-03,43295099999.0,"BANGALORE, IN",12.9666666,77.5833333,921.0,23.22222222222222,28.5,19.388888888888893,,23.22222222222222
2022-12-04,43295099999.0,"BANGALORE, IN",12.9666666,77.5833333,921.0,22.88888888888889,29.0,19.499999999999996,,22.88888888888889
2022-12-05,43295099999.0,"BANGALORE, IN",12.9666666,77.5833333,921.0,22.61111111111111,28.5,18.61111111111111,,22.61111111111111
2022-12-06,43295099999.0,"BANGALORE, IN",12.9666666,77.5833333,921.0,22.277777777777775,27.38888888888889,19.388888888888893,,22.277777777777775
2022-12-07,43295099999.0,"BANGALORE, IN",12.9666666,77.5833333,921.0,21.27777777777778,27.38888888888889,17.77777777777778,,21.27777777777778
2022-12-08,43295099999.0,"BANGALORE, IN",12.9666666,77.5833333,921.0,21.333333333333336,27.61111111111111,17.27777777777778,,21.333333333333336
2022-12-09,43295099999.0,"BANGALORE, IN",12.9666666,77.5833333,921.0,19.0,26.0,17.61111111111111,0.0,19.0
2022-12-10,43295099999.0,"BANGALORE, IN",12.9666666,77.5833333,921.0,18.666666666666664,21.77777777777778,16.77777777777778,4.3180000000000005,18.666666666666664
2022-12-11,43295099999.0,"BANGALORE, IN",12.9666666,77.5833333,921.0,19.88888888888889,20.777777777777782,17.77777777777778,40.894,19.88888888888889
2022-12-12,43295099999.0,"BANGALORE, IN",12.9666666,77.5833333,921.0,21.166666666666664,22.77777777777778,19.0,20.574,21.166666666666664
2022-12-13,43295099999.0,"BANGALORE, IN",12.9666666,77.5833333,921.0,20.944444444444443,24.0,19.388888888888893,9.143999999999998,20.944444444444443
2022-12-14,43295099999.0,"BANGALORE, IN",12.9666666,77.5833333,921.0,21.22222222222222,25.38888888888889,18.61111111111111,7.619999999999999,21.22222222222222
2022-12-15,43295099999.0,"BANGALORE, IN",12.9666666,77.5833333,921.0,20.72222222222222,26.611111111111114,16.38888888888889,0.0,20.72222222222222
2022-12-16,43295099999.0,"BANGALORE, IN",12.9666666,77.5833333,921.0,21.944444444444443,27.61111111111111,15.0,,21.944444444444443
2022-12-17,43295099999.0,"BANGALORE, IN",12.9666666,77.5833333,921.0,21.999999999999996,29.0,15.61111111111111,,21.999999999999996
2022-12-18,43295099999.0,"BANGALORE, IN",12.9666666,77.5833333,921.0,21.944444444444443,28.388888888888886,18.388888888888886,,21.944444444444443
2022-12-19,43295099999.0,"BANGALORE, IN",12.9666666,77.5833333,921.0,20.72222222222222,26.5,17.61111111111111,,20.72222222222222
2022-12-20,43295099999.0,"BANGALORE, IN",12.9666666,77.5833333,921.0,21.38888888888889,26.22222222222222,16.61111111111111,,21.38888888888889
2022-12-21,43295099999.0,"BANGALORE, IN",12.9666666,77.5833333,921.0,21.166666666666664,28.388888888888886,16.77777777777778,,21.166666666666664
2022-12-22,43295099999.0,"BANGALORE, IN",12.9666666,77.5833333,921.0,20.833333333333332,27.722222222222225,14.38888888888889,,20.833333333333332
2022-12-23,43295099999.0,"BANGALORE, IN",12.9666666,77.5833333,921.0,20.444444444444443,28.22222222222222,15.0,,20.444444444444443
2022-12-24,43295099999.0,"BANGALORE, IN",12.9666666,77.5833333,921.0,20.833333333333332,29.22222222222222,14.000000000000002,,20.833333333333332
2022-12-25,43295099999.0,"BANGALORE, IN",12.9666666,77.5833333,921.0,21.166666666666664,29.0,18.388888888888886,0.508,21.166666666666664
2022-12-26,43295099999.0,"BANGALORE, IN",12.9666666,77.5833333,921.0,21.888888888888893,24.61111111111111,19.777777777777775,3.8099999999999996,21.888888888888893
2022-12-27,43295099999.0,"BANGALORE, IN",12.9666666,77.5833333,921.0,21.166666666666664,25.38888888888889,19.777777777777775,1.27,21.166666666666664
2022-12-28,43295099999.0,"BANGALORE, IN",12.9666666,77.5833333,921.0,22.666666666666668,26.999999999999996,19.111111111111114,0.0,22.666666666666668
2022-12-29,43295099999.0,"BANGALORE, IN",12.9666666,77.5833333,921.0,22.333333333333332,28.22222222222222,18.000000000000004,,22.333333333333332
2022-12-30,43295099999.0,"BANGALORE, IN",12.9666666,77.5833333,921.0,21.722222222222218,28.5,16.22222222222222,,21.722222222222218
2022-12-31,43295099999.0,"BANGALORE, IN",12.9666666,77.5833333,921.0,22.333333333333332,28.388888888888886,16.5,,22.333333333333332
2023-01-01,43295099999.0,"BANGALORE, IN",12.9666666,77.5833333,921.0,22.5,29.0,15.88888888888889,,22.5
2023-01-02,43295099999.0,"BANGALORE, IN",12.9666666,77.5833333,921.0,21.38888888888889,29.11111111111111,16.11111111111111,,21.38888888888889
2023-01-03,43295099999.0,"BANGALORE, IN",12.9666666,77.5833333,921.0,20.944444444444443,28.000000000000004,16.27777777777778,,20.944444444444443
2023-01-04,43295099999.0,"BANGALORE, IN",12.9666666,77.5833333,921.0,20.72222222222222,26.77777777777778,16.77777777777778,,20.72222222222222
2023-01-05,43295099999.0,"BANGALORE, IN",12.9666666,77.5833333,921.0,20.555555555555557,26.27777777777778,16.77777777777778,,20.555555555555557
2023-01-06,43295099999.0,"BANGALORE, IN",12.9666666,77.5833333,921.0,20.72222222222222,25.611111111111107,16.22222222222222,,20.72222222222222
2023-01-07,43295099999.0,"BANGALORE, IN",12.9666666,77.5833333,921.0,21.0,26.38888888888889,16.27777777777778,,21.0
2023-01-08,43295099999.0,"BANGALORE, IN",12.9666666,77.5833333,921.0,20.72222222222222,26.22222222222222,17.0,,20.72222222222222
2023-01-09,43295099999.0,"BANGALORE, IN",12.9666666,77.5833333,921.0,20.0,26.611111111111114,14.5,,20.0
2023-01-10,43295099999.0,"BANGALORE, IN",12.9666666,77.5833333,921.0,20.055555555555554,28.000000000000004,14.277777777777779,,20.055555555555554
2023-01-11,43295099999.0,"BANGALORE, IN",12.9666666,77.5833333,921.0,20.500000000000004,28.000000000000004,13.0,,20.500000000000004
2023-01-12,43295099999.0,"BANGALORE, IN",12.9666666,77.5833333,921.0,21.38888888888889,29.0,14.222222222222221,,21.38888888888889
2023-01-13,43295099999.0,"BANGALORE, IN",12.9666666,77.5833333,921.0,21.166666666666664,30.11111111111111,13.38888888888889,,21.166666666666664
2023-01-14,43295099999.0,"BANGALORE, IN",12.9666666,77.5833333,921.0,20.72222222222222,29.61111111111111,14.5,,20.72222222222222
2023-01-15,43295099999.0,"BANGALORE, IN",12.9666666,77.5833333,921.0,21.38888888888889,29.77777777777778,12.777777777777779,,21.38888888888889
2023-01-16,43295099999.0,"BANGALORE, IN",12.9666666,77.5833333,921.0,22.5,30.88888888888889,13.38888888888889,,22.5
2023-01-17,43295099999.0,"BANGALORE, IN",12.9666666,77.5833333,921.0,21.27777777777778,30.27777777777778,14.722222222222221,,21.27777777777778
2023-01-18,43295099999.0,"BANGALORE, IN",12.9666666,77.5833333,921.0,20.611111111111107,30.0,14.722222222222221,,20.611111111111107
2023-01-19,43295099999.0,"BANGALORE, IN",12.9666666,77.5833333,921.0,21.11111111111111,29.5,14.5,,21.11111111111111
2023-01-20,43295099999.0,"BANGALORE, IN",12.9666666,77.5833333,921.0,20.611111111111107,29.5,14.000000000000002,,20.611111111111107
2023-01-21,43295099999.0,"BANGALORE, IN",12.9666666,77.5833333,921.0,20.555555555555557,26.611111111111114,16.61111111111111,,20.555555555555557
2023-01-22,43295099999.0,"BANGALORE, IN",12.9666666,77.5833333,921.0,20.777777777777782,26.38888888888889,15.222222222222221,,20.777777777777782
2023-01-23,43295099999.0,"BANGALORE, IN",12.9666666,77.5833333,921.0,20.38888888888889,27.5,16.22222222222222,,20.38888888888889
2023-01-24,43295099999.0,"BANGALORE, IN",12.9666666,77.5833333,921.0,21.666666666666668,25.38888888888889,18.000000000000004,,21.666666666666668
2023-01-25,43295099999.0,"BANGALORE, IN",12.9666666,77.5833333,921.0,21.333333333333336,27.22222222222222,16.27777777777778,,21.333333333333336
2023-01-26,43295099999.0,"BANGALORE, IN",12.9666666,77.5833333,921.0,21.722222222222218,29.22222222222222,15.5,,21.722222222222218
2023-01-27,43295099999.0,"BANGALORE, IN",12.9666666,77.5833333,921.0,21.999999999999996,29.61111111111111,16.38888888888889,,21.999999999999996
2023-01-28,43295099999.0,"BANGALORE, IN",12.9666666,77.5833333,921.0,21.888888888888893,29.61111111111111,14.722222222222221,,21.888888888888893
2023-01-29,43295099999.0,"BANGALORE, IN",12.9666666,77.5833333,921.0,22.277777777777775,29.38888888888889,14.38888888888889,,22.277777777777775
2023-01-30,43295099999.0,"BANGALORE, IN",12.9666666,77.5833333,921.0,22.77777777777778,29.72222222222222,18.000000000000004,,22.77777777777778
2023-01-31,43295099999.0,"BANGALORE, IN",12.9666666,77.5833333,921.0,22.722222222222225,28.22222222222222,18.388888888888886,,22.722222222222225
2023-02-01,43295099999.0,"BANGALORE, IN",12.9666666,77.5833333,921.0,22.5,28.77777777777778,15.38888888888889,,22.5
2023-02-02,43295099999.0,"BANGALORE, IN",12.9666666,77.5833333,921.0,21.27777777777778,29.0,17.77777777777778,,21.27777777777778
2023-02-03,43295099999.0,"BANGALORE, IN",12.9666666,77.5833333,921.0,22.11111111111111,29.0,17.38888888888889,,22.11111111111111
2023-02-04,43295099999.0,"BANGALORE, IN",12.9666666,77.5833333,921.0,24.0,29.61111111111111,18.388888888888886,,24.0
2023-02-05,43295099999.0,"BANGALORE, IN",12.9666666,77.5833333,921.0,24.27777777777778,31.0,17.5,,24.27777777777778
2023-02-06,43295099999.0,"BANGALORE, IN",12.9666666,77.5833333,921.0,23.77777777777778,32.22222222222222,17.22222222222222,,23.77777777777778
2023-02-07,43295099999.0,"BANGALORE, IN",12.9666666,77.5833333,921.0,24.055555555555557,31.11111111111111,17.5,,24.055555555555557
2023-02-08,43295099999.0,"BANGALORE, IN",12.9666666,77.5833333,921.0,24.499999999999996,31.5,18.111111111111107,,24.499999999999996
2023-02-09,43295099999.0,"BANGALORE, IN",12.9666666,77.5833333,921.0,23.88888888888889,31.11111111111111,17.5,,23.88888888888889
2023-02-10,43295099999.0,"BANGALORE, IN",12.9666666,77.5833333,921.0,23.666666666666664,31.27777777777778,17.0,,23.666666666666664
2023-02-11,43295099999.0,"BANGALORE, IN",12.9666666,77.5833333,921.0,23.22222222222222,31.0,15.722222222222221,,23.22222222222222
2023-02-12,43295099999.0,"BANGALORE, IN",12.9666666,77.5833333,921.0,24.27777777777778,31.88888888888889,15.88888888888889,,24.27777777777778
2023-02-13,43295099999.0,"BANGALORE, IN",12.9666666,77.5833333,921.0,24.444444444444443,33.0,16.22222222222222,,24.444444444444443
2023-02-14,43295099999.0,"BANGALORE, IN",12.9666666,77.5833333,921.0,23.944444444444443,32.5,15.777777777777779,,23.944444444444443
2023-02-15,43295099999.0,"BANGALORE, IN",12.9666666,77.5833333,921.0,23.72222222222222,31.72222222222222,14.222222222222221,,23.72222222222222
2023-02-16,43295099999.0,"BANGALORE, IN",12.9666666,77.5833333,921.0,24.499999999999996,32.5,16.11111111111111,,24.499999999999996
2023-02-17,43295099999.0,"BANGALORE, IN",12.9666666,77.5833333,921.0,24.0,32.0,16.61111111111111,,24.0
2023-02-18,43295099999.0,"BANGALORE, IN",12.9666666,77.5833333,921.0,24.27777777777778,31.11111111111111,17.0,,24.27777777777778
2023-02-19,43295099999.0,"BANGALORE, IN",12.9666666,77.5833333,921.0,24.388888888888893,31.61111111111111,17.22222222222222,,24.388888888888893
2023-02-20,43295099999.0,"BANGALORE, IN",12.9666666,77.5833333,921.0,23.88888888888889,31.61111111111111,18.000000000000004,,23.88888888888889
2023-02-21,43295099999.0,"BANGALORE, IN",12.9666666,77.5833333,921.0,24.777777777777775,31.22222222222222,16.77777777777778,,24.777777777777775
2023-02-22,43295099999.0,"BANGALORE, IN",12.9666666,77.5833333,921.0,24.944444444444446,30.61111111111111,19.0,,24.944444444444446
2023-02-23,43295099999.0,"BANGALORE, IN",12.9666666,77.5833333,921.0,24.111111111111114,32.27777777777778,16.22222222222222,,24.111111111111114
2023-02-24,43295099999.0,"BANGALORE, IN",12.9666666,77.5833333,921.0,24.66666666666667,31.77777777777778,16.5,,24.66666666666667
2023-02-25,43295099999.0,"BANGALORE, IN",12.9666666,77.5833333,921.0,25.11111111111111,32.611111111111114,15.61111111111111,,25.11111111111111
2023-02-26,43295099999.0,"BANGALORE, IN",12.9666666,77.5833333,921.0,25.611111111111107,38.611111111111114,17.77777777777778,,25.611111111111107
2023-02-27,43295099999.0,"BANGALORE, IN",12.9666666,77.5833333,921.0,23.5,31.27777777777778,16.22222222222222,,23.5
2023-02-28,43295099999.0,"BANGALORE, IN",12.9666666,77.5833333,921.0,23.72222222222222,30.61111111111111,16.0,,23.72222222222222
2023-03-01,43295099999.0,"BANGALORE, IN",12.9666666,77.5833333,921.0,24.72222222222222,29.77777777777778,19.777777777777775,,24.72222222222222
2023-03-02,43295099999.0,"BANGALORE, IN",12.9666666,77.5833333,921.0,23.666666666666664,30.88888888888889,17.77777777777778,,23.666666666666664
2023-03-03,43295099999.0,"BANGALORE, IN",12.9666666,77.5833333,921.0,25.222222222222225,31.38888888888889,19.777777777777775,,25.222222222222225
2023-03-04,43295099999.0,"BANGALORE, IN",12.9666666,77.5833333,921.0,25.611111111111107,32.0,16.5,,25.611111111111107
2023-03-05,43295099999.0,"BANGALORE, IN",12.9666666,77.5833333,921.0,25.166666666666668,32.388888888888886,18.77777777777778,,25.166666666666668
2023-03-06,43295099999.0,"BANGALORE, IN",12.9666666,77.5833333,921.0,25.055555555555554,32.22222222222222,17.27777777777778,,25.055555555555554
2023-03-07,43295099999.0,"BANGALORE, IN",12.9666666,77.5833333,921.0,24.27777777777778,32.388888888888886,16.38888888888889,,24.27777777777778
2023-03-08,43295099999.0,"BANGALORE, IN",12.9666666,77.5833333,921.0,24.944444444444446,31.77777777777778,19.111111111111114,,24.944444444444446
2023-03-09,43295099999.0,"BANGALORE, IN",12.9666666,77.5833333,921.0,24.166666666666668,30.61111111111111,18.22222222222222,,24.166666666666668
2023-03-10,43295099999.0,"BANGALORE, IN",12.9666666,77.5833333,921.0,24.27777777777778,29.77777777777778,17.38888888888889,,24.27777777777778
2023-03-11,43295099999.0,"BANGALORE, IN",12.9666666,77.5833333,921.0,23.72222222222222,30.5,17.0,,23.72222222222222
2023-03-12,43295099999.0,"BANGALORE, IN",12.9666666,77.5833333,921.0,25.222222222222225,31.77777777777778,17.38888888888889,,25.222222222222225
2023-03-13,43295099999.0,"BANGALORE, IN",12.9666666,77.5833333,921.0,26.0,32.5,19.222222222222218,,26.0
2023-03-14,43295099999.0,"BANGALORE, IN",12.9666666,77.5833333,921.0,26.5,32.888888888888886,19.111111111111114,,26.5
2023-03-15,43295099999.0,"BANGALORE, IN",12.9666666,77.5833333,921.0,26.888888888888893,33.611111111111114,19.777777777777775,,26.888888888888893
2023-03-16,43295099999.0,"BANGALORE, IN",12.9666666,77.5833333,921.0,25.33333333333333,33.611111111111114,21.0,0.0,25.33333333333333
2023-03-17,43295099999.0,"BANGALORE, IN",12.9666666,77.5833333,921.0,24.72222222222222,33.0,20.0,3.0479999999999996,24.72222222222222
2023-03-18,43295099999.0,"BANGALORE, IN",12.9666666,77.5833333,921.0,25.27777777777778,31.61111111111111,20.0,5.08,25.27777777777778
2023-03-19,43295099999.0,"BANGALORE, IN",12.9666666,77.5833333,921.0,26.333333333333336,31.77777777777778,21.0,0.0,26.333333333333336
2023-03-20,43295099999.0,"BANGALORE, IN",12.9666666,77.5833333,921.0,26.5,32.611111111111114,21.0,0.0,26.5
2023-03-21,43295099999.0,"BANGALORE, IN",12.9666666,77.5833333,921.0,26.166666666666664,32.388888888888886,20.0,,26.166666666666664
2023-03-22,43295099999.0,"BANGALORE, IN",12.9666666,77.5833333,921.0,27.77777777777778,33.0,20.11111111111111,,27.77777777777778
2023-03-23,43295099999.0,"BANGALORE, IN",12.9666666,77.5833333,921.0,27.5,33.77777777777778,21.999999999999996,,27.5
2023-03-24,43295099999.0,"BANGALORE, IN",12.9666666,77.5833333,921.0,27.722222222222225,34.5,22.77777777777778,,27.722222222222225
2023-03-25,43295099999.0,"BANGALORE, IN",12.9666666,77.5833333,921.0,27.11111111111111,34.5,22.77777777777778,,27.11111111111111
2023-03-26,43295099999.0,"BANGALORE, IN",12.9666666,77.5833333,921.0,27.83333333333333,32.611111111111114,23.388888888888886,,27.83333333333333
2023-03-27,43295099999.0,"BANGALORE, IN",12.9666666,77.5833333,921.0,27.11111111111111,34.0,22.11111111111111,0.254,27.11111111111111
2023-03-28,43295099999.0,"BANGALORE, IN",12.9666666,77.5833333,921.0,28.555555555555557,34.611111111111114,21.77777777777778,0.0,28.555555555555557
2023-03-29,43295099999.0,"BANGALORE, IN",12.9666666,77.5833333,921.0,27.444444444444446,35.5,23.388888888888886,,27.444444444444446
2023-03-30,43295099999.0,"BANGALORE, IN",12.9666666,77.5833333,921.0,26.888888888888893,34.0,23.000000000000004,0.0,26.888888888888893
2023-03-31,43295099999.0,"BANGALORE, IN",12.9666666,77.5833333,921.0,28.055555555555557,33.77777777777778,22.38888888888889,0.0,28.055555555555557
2023-04-01,43295099999.0,"BANGALORE, IN",12.9666666,77.5833333,921.0,28.333333333333332,35.0,23.5,0.0,28.333333333333332
2023-04-02,43295099999.0,"BANGALORE, IN",12.9666666,77.5833333,921.0,28.22222222222222,34.111111111111114,23.277777777777782,,28.22222222222222
2023-04-03,43295099999.0,"BANGALORE, IN",12.9666666,77.5833333,921.0,27.11111111111111,34.5,22.5,,27.11111111111111
2023-04-04,43295099999.0,"BANGALORE, IN",12.9666666,77.5833333,921.0,26.11111111111111,30.77777777777778,22.38888888888889,0.0,26.11111111111111
2023-04-05,43295099999.0,"BANGALORE, IN",12.9666666,77.5833333,921.0,26.722222222222218,32.0,21.722222222222218,0.0,26.722222222222218
2023-04-06,43295099999.0,"BANGALORE, IN",12.9666666,77.5833333,921.0,27.666666666666668,34.77777777777778,22.722222222222225,0.0,27.666666666666668
2023-04-07,43295099999.0,"BANGALORE, IN",12.9666666,77.5833333,921.0,26.999999999999996,33.888888888888886,22.22222222222222,0.0,26.999999999999996
2023-04-08,43295099999.0,"BANGALORE, IN",12.9666666,77.5833333,921.0,27.277777777777775,33.0,21.5,,27.277777777777775
2023-04-09,43295099999.0,"BANGALORE, IN",12.9666666,77.5833333,921.0,27.16666666666667,34.0,20.500000000000004,,27.16666666666667
2023-04-10,43295099999.0,"BANGALORE, IN",12.9666666,77.5833333,921.0,27.77777777777778,34.5,21.0,,27.77777777777778
2023-04-11,43295099999.0,"BANGALORE, IN",12.9666666,77.5833333,921.0,28.666666666666668,35.0,20.72222222222222,,28.666666666666668
2023-04-12,43295099999.0,"BANGALORE, IN",12.9666666,77.5833333,921.0,29.333333333333332,35.72222222222222,21.38888888888889,,29.333333333333332
2023-04-13,43295099999.0,"BANGALORE, IN",12.9666666,77.5833333,921.0,29.944444444444443,36.0,20.0,,29.944444444444443
2023-04-14,43295099999.0,"BANGALORE, IN",12.9666666,77.5833333,921.0,29.27777777777778,36.388888888888886,21.722222222222218,,29.27777777777778
2023-04-15,43295099999.0,"BANGALORE, IN",12.9666666,77.5833333,921.0,28.5,36.0,22.277777777777775,,28.5
2023-04-16,43295099999.0,"BANGALORE, IN",12.9666666,77.5833333,921.0,28.5,35.611111111111114,19.72222222222222,,28.5
2023-04-17,43295099999.0,"BANGALORE, IN",12.9666666,77.5833333,921.0,27.77777777777778,36.0,20.777777777777782,,27.77777777777778
2023-04-18,43295099999.0,"BANGALORE, IN",12.9666666,77.5833333,921.0,28.666666666666668,35.388888888888886,21.0,,28.666666666666668
2023-04-19,43295099999.0,"BANGALORE, IN",12.9666666,77.5833333,921.0,29.666666666666668,36.5,22.22222222222222,,29.666666666666668
2023-04-20,43295099999.0,"BANGALORE, IN",12.9666666,77.5833333,921.0,30.055555555555557,36.111111111111114,23.61111111111111,,30.055555555555557
2023-04-21,43295099999.0,"BANGALORE, IN",12.9666666,77.5833333,921.0,26.555555555555557,36.0,22.77777777777778,,26.555555555555557
2023-04-22,43295099999.0,"BANGALORE, IN",12.9666666,77.5833333,921.0,27.61111111111111,35.22222222222222,22.277777777777775,7.112,27.61111111111111
2023-04-23,43295099999.0,"BANGALORE, IN",12.9666666,77.5833333,921.0,29.22222222222222,34.77777777777778,23.5,0.0,29.22222222222222
2023-04-24,43295099999.0,"BANGALORE, IN",12.9666666,77.5833333,921.0,28.000000000000004,35.0,22.5,,28.000000000000004
2023-04-25,43295099999.0,"BANGALORE, IN",12.9666666,77.5833333,921.0,26.5,34.0,23.000000000000004,,26.5
2023-04-26,43295099999.0,"BANGALORE, IN",12.9666666,77.5833333,921.0,27.722222222222225,33.27777777777778,23.72222222222222,,27.722222222222225
2023-04-27,43295099999.0,"BANGALORE, IN",12.9666666,77.5833333,921.0,27.722222222222225,33.0,23.22222222222222,,27.722222222222225
2023-04-28,43295099999.0,"BANGALORE, IN",12.9666666,77.5833333,921.0,28.22222222222222,33.5,21.999999999999996,,28.22222222222222
2023-04-29,43295099999.0,"BANGALORE, IN",12.9666666,77.5833333,921.0,25.500000000000004,34.5,22.22222222222222,20.066,25.500000000000004
2023-04-30,43295099999.0,"BANGALORE, IN",12.9666666,77.5833333,921.0,26.27777777777778,31.11111111111111,22.5,0.0,26.27777777777778
2023-05-01,43295099999.0,"BANGALORE, IN",12.9666666,77.5833333,921.0,24.555555555555557,32.0,21.5,25.907999999999998,24.555555555555557
2023-05-02,43295099999.0,"BANGALORE, IN",12.9666666,77.5833333,921.0,25.27777777777778,31.0,21.0,26.924,25.27777777777778
2023-05-03,43295099999.0,"BANGALORE, IN",12.9666666,77.5833333,921.0,24.388888888888893,30.38888888888889,21.38888888888889,0.7619999999999999,24.388888888888893
2023-05-04,43295099999.0,"BANGALORE, IN",12.9666666,77.5833333,921.0,24.499999999999996,30.0,21.22222222222222,13.97,24.499999999999996
2023-05-05,43295099999.0,"BANGALORE, IN",12.9666666,77.5833333,921.0,24.88888888888889,30.61111111111111,20.777777777777782,39.878,24.88888888888889
2023-05-06,43295099999.0,"BANGALORE, IN",12.9666666,77.5833333,921.0,24.61111111111111,27.38888888888889,22.38888888888889,0.0,24.61111111111111
2023-05-07,43295099999.0,"BANGALORE, IN",12.9666666,77.5833333,921.0,24.333333333333332,29.27777777777778,21.11111111111111,2.54,24.333333333333332
2023-05-08,43295099999.0,"BANGALORE, IN",12.9666666,77.5833333,921.0,24.61111111111111,29.0,21.38888888888889,6.095999999999999,24.61111111111111
2023-05-09,43295099999.0,"BANGALORE, IN",12.9666666,77.5833333,921.0,26.333333333333336,31.38888888888889,20.500000000000004,5.08,26.333333333333336
2023-05-10,43295099999.0,"BANGALORE, IN",12.9666666,77.5833333,921.0,27.666666666666668,32.5,22.277777777777775,0.508,27.666666666666668
2023-05-11,43295099999.0,"BANGALORE, IN",12.9666666,77.5833333,921.0,26.11111111111111,33.388888888888886,21.22222222222222,0.0,26.11111111111111
2023-05-12,43295099999.0,"BANGALORE, IN",12.9666666,77.5833333,921.0,25.38888888888889,33.388888888888886,20.888888888888886,13.462,25.38888888888889
2023-05-13,43295099999.0,"BANGALORE, IN",12.9666666,77.5833333,921.0,26.0,32.388888888888886,22.61111111111111,0.0,26.0
2023-05-14,43295099999.0,"BANGALORE, IN",12.9666666,77.5833333,921.0,27.277777777777775,32.0,22.277777777777775,,27.277777777777775
2023-05-15,43295099999.0,"BANGALORE, IN",12.9666666,77.5833333,921.0,27.61111111111111,32.77777777777778,23.000000000000004,,27.61111111111111
2023-05-16,43295099999.0,"BANGALORE, IN",12.9666666,77.5833333,921.0,28.555555555555557,34.0,23.000000000000004,,28.555555555555557
2023-05-17,43295099999.0,"BANGALORE, IN",12.9666666,77.5833333,921.0,29.27777777777778,35.0,23.61111111111111,,29.27777777777778
2023-05-18,43295099999.0,"BANGALORE, IN",12.9666666,77.5833333,921.0,29.22222222222222,35.5,25.11111111111111,0.0,29.22222222222222
2023-05-19,43295099999.0,"BANGALORE, IN",12.9666666,77.5833333,921.0,29.333333333333332,35.5,23.5,0.0,29.333333333333332
2023-05-20,43295099999.0,"BANGALORE, IN",12.9666666,77.5833333,921.0,25.166666666666668,35.388888888888886,21.38888888888889,0.0,25.166666666666668
2023-05-21,43295099999.0,"BANGALORE, IN",12.9666666,77.5833333,921.0,24.555555555555557,34.388888888888886,21.22222222222222,29.971999999999998,24.555555555555557
2023-05-22,43295099999.0,"BANGALORE, IN",12.9666666,77.5833333,921.0,25.11111111111111,33.388888888888886,21.0,31.496,25.11111111111111
2023-05-23,43295099999.0,"BANGALORE, IN",12.9666666,77.5833333,921.0,26.833333333333332,32.22222222222222,21.0,16.256,26.833333333333332
2023-05-24,43295099999.0,"BANGALORE, IN",12.9666666,77.5833333,921.0,25.777777777777782,33.22222222222222,20.222222222222225,25.907999999999998,25.777777777777782
2023-05-25,43295099999.0,"BANGALORE, IN",12.9666666,77.5833333,921.0,25.72222222222222,32.0,21.5,1.5239999999999998,25.72222222222222
2023-05-26,43295099999.0,"BANGALORE, IN",12.9666666,77.5833333,921.0,26.11111111111111,32.111111111111114,21.999999999999996,0.0,26.11111111111111
2023-05-27,43295099999.0,"BANGALORE, IN",12.9666666,77.5833333,921.0,26.833333333333332,31.88888888888889,21.77777777777778,0.0,26.833333333333332
2023-05-28,43295099999.0,"BANGALORE, IN",12.9666666,77.5833333,921.0,27.16666666666667,32.5,23.000000000000004,0.0,27.16666666666667
2023-05-29,43295099999.0,"BANGALORE, IN",12.9666666,77.5833333,921.0,26.999999999999996,33.611111111111114,23.277777777777782,0.0,26.999999999999996
2023-05-30,43295099999.0,"BANGALORE, IN",12.9666666,77.5833333,921.0,23.77777777777778,33.27777777777778,20.38888888888889,0.0,23.77777777777778
2023-05-31,43295099999.0,"BANGALORE, IN",12.9666666,77.5833333,921.0,25.500000000000004,31.27777777777778,19.61111111111111,65.27799999999999,25.500000000000004
2023-06-01,43295099999.0,"BANGALORE, IN",12.9666666,77.5833333,921.0,26.27777777777778,31.38888888888889,21.27777777777778,0.0,26.27777777777778
2023-06-02,43295099999.0,"BANGALORE, IN",12.9666666,77.5833333,921.0,26.444444444444443,31.38888888888889,22.61111111111111,0.0,26.444444444444443
2023-06-03,43295099999.0,"BANGALORE, IN",12.9666666,77.5833333,921.0,27.444444444444446,32.611111111111114,23.000000000000004,,27.444444444444446
2023-06-04,43295099999.0,"BANGALORE, IN",12.9666666,77.5833333,921.0,26.38888888888889,33.388888888888886,23.000000000000004,,26.38888888888889
2023-06-05,43295099999.0,"BANGALORE, IN",12.9666666,77.5833333,921.0,26.944444444444443,31.0,22.5,,26.944444444444443
2023-06-06,43295099999.0,"BANGALORE, IN",12.9666666,77.5833333,921.0,26.055555555555557,31.61111111111111,21.999999999999996,5.08,26.055555555555557
2023-06-07,43295099999.0,"BANGALORE, IN",12.9666666,77.5833333,921.0,26.0,32.22222222222222,22.277777777777775,0.254,26.0
2023-06-08,43295099999.0,"BANGALORE, IN",12.9666666,77.5833333,921.0,26.27777777777778,32.0,22.38888888888889,,26.27777777777778
2023-06-09,43295099999.0,"BANGALORE, IN",12.9666666,77.5833333,921.0,26.27777777777778,32.5,22.11111111111111,1.016,26.27777777777778
2023-06-10,43295099999.0,"BANGALORE, IN",12.9666666,77.5833333,921.0,24.88888888888889,32.27777777777778,21.11111111111111,0.0,24.88888888888889
2023-06-11,43295099999.0,"BANGALORE, IN",12.9666666,77.5833333,921.0,25.444444444444443,31.0,21.22222222222222,0.0,25.444444444444443
2023-06-12,43295099999.0,"BANGALORE, IN",12.9666666,77.5833333,921.0,25.555555555555557,31.61111111111111,21.722222222222218,0.508,25.555555555555557
2023-06-13,43295099999.0,"BANGALORE, IN",12.9666666,77.5833333,921.0,25.72222222222222,32.611111111111114,21.38888888888889,21.081999999999997,25.72222222222222
2023-06-14,43295099999.0,"BANGALORE, IN",12.9666666,77.5833333,921.0,25.833333333333332,31.61111111111111,21.611111111111114,0.0,25.833333333333332
2023-06-15,43295099999.0,"BANGALORE, IN",12.9666666,77.5833333,921.0,26.611111111111114,32.0,21.888888888888893,2.032,26.611111111111114
2023-06-16,43295099999.0,"BANGALORE, IN",12.9666666,77.5833333,921.0,26.5,31.5,21.77777777777778,0.0,26.5
2023-06-17,43295099999.0,"BANGALORE, IN",12.9666666,77.5833333,921.0,26.38888888888889,32.111111111111114,21.999999999999996,1.016,26.38888888888889
2023-06-18,43295099999.0,"BANGALORE, IN",12.9666666,77.5833333,921.0,24.555555555555557,31.5,22.61111111111111,0.0,24.555555555555557
2023-06-19,43295099999.0,"BANGALORE, IN",12.9666666,77.5833333,921.0,24.944444444444446,28.388888888888886,21.722222222222218,0.0,24.944444444444446
2023-06-20,43295099999.0,"BANGALORE, IN",12.9666666,77.5833333,921.0,22.83333333333333,28.22222222222222,20.777777777777782,1.778,22.83333333333333
2023-06-21,43295099999.0,"BANGALORE, IN",12.9666666,77.5833333,921.0,23.555555555555557,27.38888888888889,21.611111111111114,18.796,23.555555555555557
2023-06-22,43295099999.0,"BANGALORE, IN",12.9666666,77.5833333,921.0,25.222222222222225,29.38888888888889,21.0,3.0479999999999996,25.222222222222225
2023-06-23,43295099999.0,"BANGALORE, IN",12.9666666,77.5833333,921.0,24.61111111111111,30.72222222222222,21.22222222222222,7.619999999999999,24.61111111111111
2023-06-24,43295099999.0,"BANGALORE, IN",12.9666666,77.5833333,921.0,23.5,29.11111111111111,21.0,0.254,23.5
2023-06-25,43295099999.0,"BANGALORE, IN",12.9666666,77.5833333,921.0,24.444444444444443,29.11111111111111,20.888888888888886,0.508,24.444444444444443
2023-06-26,43295099999.0,"BANGALORE, IN",12.9666666,77.5833333,921.0,24.111111111111114,29.11111111111111,21.11111111111111,7.112,24.111111111111114
2023-06-27,43295099999.0,"BANGALORE, IN",12.9666666,77.5833333,921.0,23.944444444444443,29.0,20.38888888888889,0.0,23.944444444444443
2023-06-28,43295099999.0,"BANGALORE, IN",12.9666666,77.5833333,921.0,24.111111111111114,29.38888888888889,20.27777777777778,2.032,24.111111111111114
2023-06-29,43295099999.0,"BANGALORE, IN",12.9666666,77.5833333,921.0,23.61111111111111,29.0,20.611111111111107,0.0,23.61111111111111
2023-06-30,43295099999.0,"BANGALORE, IN",12.9666666,77.5833333,921.0,25.055555555555554,29.38888888888889,21.0,2.032,25.055555555555554
2023-07-01,43295099999.0,"BANGALORE, IN",12.9666666,77.5833333,921.0,25.611111111111107,30.38888888888889,21.38888888888889,0.0,25.611111111111107
2023-07-02,43295099999.0,"BANGALORE, IN",12.9666666,77.5833333,921.0,23.944444444444443,30.77777777777778,21.611111111111114,0.0,23.944444444444443
2023-07-03,43295099999.0,"BANGALORE, IN",12.9666666,77.5833333,921.0,23.77777777777778,29.0,21.0,18.287999999999997,23.77777777777778
2023-07-04,43295099999.0,"BANGALORE, IN",12.9666666,77.5833333,921.0,22.666666666666668,30.11111111111111,20.27777777777778,4.064,22.666666666666668
2023-07-05,43295099999.0,"BANGALORE, IN",12.9666666,77.5833333,921.0,22.61111111111111,27.11111111111111,20.222222222222225,1.27,22.61111111111111
2023-07-06,43295099999.0,"BANGALORE, IN",12.9666666,77.5833333,921.0,22.722222222222225,26.888888888888893,20.500000000000004,0.254,22.722222222222225
2023-07-07,43295099999.0,"BANGALORE, IN",12.9666666,77.5833333,921.0,22.666666666666668,26.888888888888893,20.611111111111107,0.254,22.666666666666668
2023-07-08,43295099999.0,"BANGALORE, IN",12.9666666,77.5833333,921.0,21.999999999999996,27.5,20.500000000000004,7.874,21.999999999999996
2023-07-09,43295099999.0,"BANGALORE, IN",12.9666666,77.5833333,921.0,23.944444444444443,26.611111111111114,20.888888888888886,7.619999999999999,23.944444444444443
2023-07-10,43295099999.0,"BANGALORE, IN",12.9666666,77.5833333,921.0,23.388888888888886,27.277777777777775,21.22222222222222,1.016,23.388888888888886
2023-07-11,43295099999.0,"BANGALORE, IN",12.9666666,77.5833333,921.0,22.666666666666668,28.5,20.777777777777782,10.413999999999998,22.666666666666668
2023-07-12,43295099999.0,"BANGALORE, IN",12.9666666,77.5833333,921.0,23.111111111111107,27.38888888888889,20.27777777777778,14.985999999999999,23.111111111111107
2023-07-13,43295099999.0,"BANGALORE, IN",12.9666666,77.5833333,921.0,22.61111111111111,28.22222222222222,20.611111111111107,11.937999999999999,22.61111111111111
2023-07-14,43295099999.0,"BANGALORE, IN",12.9666666,77.5833333,921.0,23.166666666666668,27.22222222222222,20.11111111111111,24.892,23.166666666666668
2023-07-15,43295099999.0,"BANGALORE, IN",12.9666666,77.5833333,921.0,24.222222222222218,28.388888888888886,20.38888888888889,1.27,24.222222222222218
2023-07-16,43295099999.0,"BANGALORE, IN",12.9666666,77.5833333,921.0,24.0,29.11111111111111,21.38888888888889,2.032,24.0
2023-07-17,43295099999.0,"BANGALORE, IN",12.9666666,77.5833333,921.0,23.833333333333336,28.5,21.0,0.0,23.833333333333336
2023-07-18,43295099999.0,"BANGALORE, IN",12.9666666,77.5833333,921.0,24.055555555555557,28.111111111111107,20.611111111111107,0.254,24.055555555555557
2023-07-19,43295099999.0,"BANGALORE, IN",12.9666666,77.5833333,921.0,23.444444444444443,28.77777777777778,20.777777777777782,0.0,23.444444444444443
2023-07-20,43295099999.0,"BANGALORE, IN",12.9666666,77.5833333,921.0,24.222222222222218,28.000000000000004,20.72222222222222,0.0,24.222222222222218
2023-07-21,43295099999.0,"BANGALORE, IN",12.9666666,77.5833333,921.0,23.77777777777778,28.72222222222222,21.5,,23.77777777777778
2023-07-22,43295099999.0,"BANGALORE, IN",12.9666666,77.5833333,921.0,22.88888888888889,28.388888888888886,21.0,0.0,22.88888888888889
2023-07-23,43295099999.0,"BANGALORE, IN",12.9666666,77.5833333,921.0,22.5,26.722222222222218,20.222222222222225,0.254,22.5
2023-07-24,43295099999.0,"BANGALORE, IN",12.9666666,77.5833333,921.0,21.22222222222222,26.611111111111114,19.88888888888889,7.112,21.22222222222222
2023-07-25,43295099999.0,"BANGALORE, IN",12.9666666,77.5833333,921.0,21.611111111111114,24.88888888888889,20.222222222222225,7.112,21.611111111111114
2023-07-26,43295099999.0,"BANGALORE, IN",12.9666666,77.5833333,921.0,21.11111111111111,24.499999999999996,19.388888888888893,12.191999999999998,21.11111111111111
2023-07-27,43295099999.0,"BANGALORE, IN",12.9666666,77.5833333,921.0,23.388888888888886,29.22222222222222,18.77777777777778,6.858,23.388888888888886
2023-07-28,43295099999.0,"BANGALORE, IN",12.9666666,77.5833333,921.0,23.22222222222222,26.77777777777778,19.222222222222218,0.0,23.22222222222222
2023-07-29,43295099999.0,"BANGALORE, IN",12.9666666,77.5833333,921.0,22.722222222222225,28.388888888888886,20.11111111111111,2.032,22.722222222222225
2023-07-30,43295099999.0,"BANGALORE, IN",12.9666666,77.5833333,921.0,24.166666666666668,28.388888888888886,19.777777777777775,0.508,24.166666666666668
2023-07-31,43295099999.0,"BANGALORE, IN",12.9666666,77.5833333,921.0,24.499999999999996,29.22222222222222,20.777777777777782,0.0,24.499999999999996
2023-08-01,43295099999.0,"BANGALORE, IN",12.9666666,77.5833333,921.0,24.055555555555557,29.27777777777778,20.777777777777782,0.0,24.055555555555557
2023-08-02,43295099999.0,"BANGALORE, IN",12.9666666,77.5833333,921.0,24.0,28.22222222222222,18.5,0.0,24.0
2023-08-03,43295099999.0,"BANGALORE, IN",12.9666666,77.5833333,921.0,24.0,28.277777777777782,20.222222222222225,0.0,24.0
2023-08-04,43295099999.0,"BANGALORE, IN",12.9666666,77.5833333,921.0,24.444444444444443,29.22222222222222,20.222222222222225,0.0,24.444444444444443
2023-08-05,43295099999.0,"BANGALORE, IN",12.9666666,77.5833333,921.0,24.444444444444443,30.11111111111111,20.38888888888889,0.0,24.444444444444443
2023-08-06,43295099999.0,"BANGALORE, IN",12.9666666,77.5833333,921.0,24.222222222222218,29.0,21.22222222222222,0.254,24.222222222222218
2023-08-07,43295099999.0,"BANGALORE, IN",12.9666666,77.5833333,921.0,24.333333333333332,29.77777777777778,20.611111111111107,2.2859999999999996,24.333333333333332
2023-08-08,43295099999.0,"BANGALORE, IN",12.9666666,77.5833333,921.0,24.166666666666668,29.61111111111111,20.500000000000004,0.0,24.166666666666668
2023-08-09,43295099999.0,"BANGALORE, IN",12.9666666,77.5833333,921.0,25.166666666666668,29.0,20.777777777777782,1.27,25.166666666666668
2023-08-10,43295099999.0,"BANGALORE, IN",12.9666666,77.5833333,921.0,25.38888888888889,30.38888888888889,21.77777777777778,0.0,25.38888888888889
2023-08-11,43295099999.0,"BANGALORE, IN",12.9666666,77.5833333,921.0,25.611111111111107,30.0,21.999999999999996,,25.611111111111107
2023-08-12,43295099999.0,"BANGALORE, IN",12.9666666,77.5833333,921.0,26.055555555555557,30.38888888888889,22.277777777777775,,26.055555555555557
2023-08-13,43295099999.0,"BANGALORE, IN",12.9666666,77.5833333,921.0,25.166666666666668,31.27777777777778,21.0,0.508,25.166666666666668
2023-08-14,43295099999.0,"BANGALORE, IN",12.9666666,77.5833333,921.0,25.444444444444443,30.38888888888889,20.0,,25.444444444444443
2023-08-15,43295099999.0,"BANGALORE, IN",12.9666666,77.5833333,921.0,25.888888888888886,30.0,21.0,,25.888888888888886
2023-08-16,43295099999.0,"BANGALORE, IN",12.9666666,77.5833333,921.0,26.27777777777778,31.0,21.0,,26.27777777777778
2023-08-17,43295099999.0,"BANGALORE, IN",12.9666666,77.5833333,921.0,25.666666666666668,31.77777777777778,21.77777777777778,0.0,25.666666666666668
2023-08-18,43295099999.0,"BANGALORE, IN",12.9666666,77.5833333,921.0,24.61111111111111,31.0,21.22222222222222,0.0,24.61111111111111
2023-08-19,43295099999.0,"BANGALORE, IN",12.9666666,77.5833333,921.0,23.111111111111107,29.5,21.0,0.0,23.111111111111107
2023-08-20,43295099999.0,"BANGALORE, IN",12.9666666,77.5833333,921.0,24.61111111111111,29.0,20.222222222222225,8.128,24.61111111111111
2023-08-21,43295099999.0,"BANGALORE, IN",12.9666666,77.5833333,921.0,25.33333333333333,30.0,20.888888888888886,0.0,25.33333333333333
2023-08-22,43295099999.0,"BANGALORE, IN",12.9666666,77.5833333,921.0,26.0,30.77777777777778,21.77777777777778,,26.0
2023-08-23,43295099999.0,"BANGALORE, IN",12.9666666,77.5833333,921.0,26.11111111111111,31.0,21.999999999999996,,26.11111111111111
2023-08-24,43295099999.0,"BANGALORE, IN",12.9666666,77.5833333,921.0,24.88888888888889,31.61111111111111,21.611111111111114,0.0,24.88888888888889
2023-08-25,43295099999.0,"BANGALORE, IN",12.9666666,77.5833333,921.0,26.055555555555557,31.0,20.611111111111107,,26.055555555555557
2023-08-26,43295099999.0,"BANGALORE, IN",12.9666666,77.5833333,921.0,26.22222222222222,32.22222222222222,21.77777777777778,,26.22222222222222
2023-08-27,43295099999.0,"BANGALORE, IN",12.9666666,77.5833333,921.0,26.055555555555557,31.77777777777778,22.22222222222222,0.0,26.055555555555557
2023-08-28,43295099999.0,"BANGALORE, IN",12.9666666,77.5833333,921.0,27.16666666666667,31.77777777777778,21.888888888888893,0.0,27.16666666666667
2023-08-29,43295099999.0,"BANGALORE, IN",12.9666666,77.5833333,921.0,26.11111111111111,32.611111111111114,22.61111111111111,,26.11111111111111
2023-08-30,43295099999.0,"BANGALORE, IN",12.9666666,77.5833333,921.0,26.999999999999996,31.77777777777778,21.888888888888893,,26.999999999999996
2023-08-31,43295099999.0,"BANGALORE, IN",12.9666666,77.5833333,921.0,25.11111111111111,32.5,20.500000000000004,0.508,25.11111111111111
2023-09-01,43295099999.0,"BANGALORE, IN",12.9666666,77.5833333,921.0,24.777777777777775,31.0,20.222222222222225,88.89999999999999,24.777777777777775
2023-09-02,43295099999.0,"BANGALORE, IN",12.9666666,77.5833333,921.0,24.777777777777775,29.5,22.22222222222222,0.0,24.777777777777775
2023-09-03,43295099999.0,"BANGALORE, IN",12.9666666,77.5833333,921.0,24.27777777777778,29.61111111111111,21.38888888888889,1.778,24.27777777777778
2023-09-04,43295099999.0,"BANGALORE, IN",12.9666666,77.5833333,921.0,22.61111111111111,28.111111111111107,21.0,0.254,22.61111111111111
2023-09-05,43295099999.0,"BANGALORE, IN",12.9666666,77.5833333,921.0,22.666666666666668,26.38888888888889,20.611111111111107,0.0,22.666666666666668
2023-09-06,43295099999.0,"BANGALORE, IN",12.9666666,77.5833333,921.0,23.277777777777782,27.38888888888889,20.38888888888889,25.145999999999997,23.277777777777782
2023-09-07,43295099999.0,"BANGALORE, IN",12.9666666,77.5833333,921.0,24.055555555555557,29.0,21.27777777777778,0.0,24.055555555555557
2023-09-08,43295099999.0,"BANGALORE, IN",12.9666666,77.5833333,921.0,24.0,29.0,21.0,4.3180000000000005,24.0
2023-09-09,43295099999.0,"BANGALORE, IN",12.9666666,77.5833333,921.0,25.11111111111111,29.0,20.777777777777782,0.0,25.11111111111111
2023-09-10,43295099999.0,"BANGALORE, IN",12.9666666,77.5833333,921.0,24.499999999999996,30.5,21.22222222222222,1.016,24.499999999999996
2023-09-11,43295099999.0,"BANGALORE, IN",12.9666666,77.5833333,921.0,24.055555555555557,29.5,21.22222222222222,,24.055555555555557
2023-09-12,43295099999.0,"BANGALORE, IN",12.9666666,77.5833333,921.0,24.72222222222222,29.0,20.777777777777782,,24.72222222222222
2023-09-13,43295099999.0,"BANGALORE, IN",12.9666666,77.5833333,921.0,23.72222222222222,30.27777777777778,20.38888888888889,18.034,23.72222222222222
2023-09-14,43295099999.0,"BANGALORE, IN",12.9666666,77.5833333,921.0,23.277777777777782,29.27777777777778,20.0,0.0,23.277777777777782
2023-09-15,43295099999.0,"BANGALORE, IN",12.9666666,77.5833333,921.0,23.77777777777778,27.722222222222225,20.777777777777782,0.0,23.77777777777778
2023-09-16,43295099999.0,"BANGALORE, IN",12.9666666,77.5833333,921.0,23.77777777777778,27.77777777777778,21.22222222222222,1.5239999999999998,23.77777777777778
2023-09-17,43295099999.0,"BANGALORE, IN",12.9666666,77.5833333,921.0,24.499999999999996,28.77777777777778,21.27777777777778,0.0,24.499999999999996
2023-09-18,43295099999.0,"BANGALORE, IN",12.9666666,77.5833333,921.0,23.5,29.5,20.500000000000004,9.143999999999998,23.5
2023-09-19,43295099999.0,"BANGALORE, IN",12.9666666,77.5833333,921.0,25.944444444444443,29.61111111111111,21.0,22.098,25.944444444444443
2023-09-20,43295099999.0,"BANGALORE, IN",12.9666666,77.5833333,921.0,23.88888888888889,30.0,20.777777777777782,1.27,23.88888888888889
2023-09-21,43295099999.0,"BANGALORE, IN",12.9666666,77.5833333,921.0,23.77777777777778,30.0,20.777777777777782,10.668,23.77777777777778
2023-09-22,43295099999.0,"BANGALORE, IN",12.9666666,77.5833333,921.0,24.72222222222222,30.0,20.611111111111107,20.32,24.72222222222222
2023-09-23,43295099999.0,"BANGALORE, IN",12.9666666,77.5833333,921.0,25.38888888888889,30.0,21.38888888888889,1.27,25.38888888888889
2023-09-24,43295099999.0,"BANGALORE, IN",12.9666666,77.5833333,921.0,24.61111111111111,28.388888888888886,21.611111111111114,6.095999999999999,24.61111111111111
2023-09-25,43295099999.0,"BANGALORE, IN",12.9666666,77.5833333,921.0,23.111111111111107,30.0,21.27777777777778,6.095999999999999,23.111111111111107
2023-09-26,43295099999.0,"BANGALORE, IN",12.9666666,77.5833333,921.0,22.722222222222225,28.5,21.0,22.605999999999998,22.722222222222225
2023-09-27,43295099999.0,"BANGALORE, IN",12.9666666,77.5833333,921.0,24.055555555555557,27.38888888888889,21.22222222222222,1.778,24.055555555555557
2023-09-28,43295099999.0,"BANGALORE, IN",12.9666666,77.5833333,921.0,23.000000000000004,27.38888888888889,20.38888888888889,0.0,23.000000000000004
2023-09-29,43295099999.0,"BANGALORE, IN",12.9666666,77.5833333,921.0,23.88888888888889,26.38888888888889,21.22222222222222,5.08,23.88888888888889
2023-09-30,43295099999.0,"BANGALORE, IN",12.9666666,77.5833333,921.0,23.277777777777782,26.999999999999996,21.0,0.0,23.277777777777782
2023-10-01,43295099999.0,"BANGALORE, IN",12.9666666,77.5833333,921.0,24.0,28.111111111111107,21.11111111111111,0.508,24.0
2023-10-02,43295099999.0,"BANGALORE, IN",12.9666666,77.5833333,921.0,24.499999999999996,29.27777777777778,20.222222222222225,0.0,24.499999999999996
2023-10-03,43295099999.0,"BANGALORE, IN",12.9666666,77.5833333,921.0,24.944444444444446,29.72222222222222,20.38888888888889,,24.944444444444446
2023-10-04,43295099999.0,"BANGALORE, IN",12.9666666,77.5833333,921.0,25.222222222222225,29.77777777777778,21.0,0.0,25.222222222222225
2023-10-05,43295099999.0,"BANGALORE, IN",12.9666666,77.5833333,921.0,25.888888888888886,30.11111111111111,21.722222222222218,0.0,25.888888888888886
2023-10-06,43295099999.0,"BANGALORE, IN",12.9666666,77.5833333,921.0,25.222222222222225,30.5,21.722222222222218,,25.222222222222225
2023-10-07,43295099999.0,"BANGALORE, IN",12.9666666,77.5833333,921.0,25.72222222222222,29.77777777777778,21.77777777777778,,25.72222222222222
2023-10-08,43295099999.0,"BANGALORE, IN",12.9666666,77.5833333,921.0,24.833333333333332,29.72222222222222,21.888888888888893,1.016,24.833333333333332
2023-10-09,43295099999.0,"BANGALORE, IN",12.9666666,77.5833333,921.0,23.333333333333332,29.77777777777778,21.0,13.97,23.333333333333332
2023-10-10,43295099999.0,"BANGALORE, IN",12.9666666,77.5833333,921.0,24.333333333333332,28.77777777777778,20.777777777777782,66.03999999999999,24.333333333333332
2023-10-11,43295099999.0,"BANGALORE, IN",12.9666666,77.5833333,921.0,23.388888888888886,29.72222222222222,21.27777777777778,1.016,23.388888888888886
2023-10-12,43295099999.0,"BANGALORE, IN",12.9666666,77.5833333,921.0,23.944444444444443,28.61111111111111,20.777777777777782,4.571999999999999,23.944444444444443
2023-10-13,43295099999.0,"BANGALORE, IN",12.9666666,77.5833333,921.0,24.0,30.38888888888889,20.0,0.0,24.0
2023-10-14,43295099999.0,"BANGALORE, IN",12.9666666,77.5833333,921.0,24.66666666666667,30.0,20.611111111111107,,24.66666666666667
2023-10-15,43295099999.0,"BANGALORE, IN",12.9666666,77.5833333,921.0,25.0,29.22222222222222,21.999999999999996,1.016,25.0
2023-10-16,43295099999.0,"BANGALORE, IN",12.9666666,77.5833333,921.0,24.72222222222222,28.22222222222222,22.38888888888889,0.0,24.72222222222222
2023-10-17,43295099999.0,"BANGALORE, IN",12.9666666,77.5833333,921.0,25.055555555555554,29.38888888888889,21.11111111111111,,25.055555555555554
2023-10-18,43295099999.0,"BANGALORE, IN",12.9666666,77.5833333,921.0,24.388888888888893,30.5,18.61111111111111,,24.388888888888893
2023-10-19,43295099999.0,"BANGALORE, IN",12.9666666,77.5833333,921.0,24.66666666666667,30.0,19.388888888888893,,24.66666666666667
2023-10-20,43295099999.0,"BANGALORE, IN",12.9666666,77.5833333,921.0,24.333333333333332,29.38888888888889,20.222222222222225,,24.333333333333332
2023-10-21,43295099999.0,"BANGALORE, IN",12.9666666,77.5833333,921.0,24.66666666666667,29.61111111111111,21.0,,24.66666666666667
2023-10-22,43295099999.0,"BANGALORE, IN",12.9666666,77.5833333,921.0,25.055555555555554,30.22222222222222,20.777777777777782,,25.055555555555554
2023-10-23,43295099999.0,"BANGALORE, IN",12.9666666,77.5833333,921.0,23.77777777777778,31.27777777777778,18.88888888888889,,23.77777777777778
2023-10-24,43295099999.0,"BANGALORE, IN",12.9666666,77.5833333,921.0,23.77777777777778,30.77777777777778,17.11111111111111,,23.77777777777778
2023-10-25,43295099999.0,"BANGALORE, IN",12.9666666,77.5833333,921.0,24.0,31.61111111111111,17.27777777777778,,24.0
2023-10-26,43295099999.0,"BANGALORE, IN",12.9666666,77.5833333,921.0,24.111111111111114,31.38888888888889,18.388888888888886,,24.111111111111114
2023-10-27,43295099999.0,"BANGALORE, IN",12.9666666,77.5833333,921.0,24.444444444444443,30.77777777777778,19.61111111111111,,24.444444444444443
2023-10-28,43295099999.0,"BANGALORE, IN",12.9666666,77.5833333,921.0,24.833333333333332,29.27777777777778,20.72222222222222,,24.833333333333332
2023-10-29,43295099999.0,"BANGALORE, IN",12.9666666,77.5833333,921.0,24.72222222222222,29.77777777777778,21.38888888888889,,24.72222222222222
2023-10-30,43295099999.0,"BANGALORE, IN",12.9666666,77.5833333,921.0,23.111111111111107,29.5,20.38888888888889,8.889999999999999,23.111111111111107
2023-10-31,43295099999.0,"BANGALORE, IN",12.9666666,77.5833333,921.0,23.111111111111107,28.277777777777782,19.88888888888889,,23.111111111111107
2023-11-01,43295099999.0,"BANGALORE, IN",12.9666666,77.5833333,921.0,23.833333333333336,29.22222222222222,20.38888888888889,,23.833333333333336
2023-11-02,43295099999.0,"BANGALORE, IN",12.9666666,77.5833333,921.0,24.333333333333332,29.22222222222222,20.38888888888889,,24.333333333333332
2023-11-03,43295099999.0,"BANGALORE, IN",12.9666666,77.5833333,921.0,24.499999999999996,30.0,21.22222222222222,0.0,24.499999999999996
2023-11-04,43295099999.0,"BANGALORE, IN",12.9666666,77.5833333,921.0,23.5,31.27777777777778,20.777777777777782,2.2859999999999996,23.5
2023-11-05,43295099999.0,"BANGALORE, IN",12.9666666,77.5833333,921.0,24.055555555555557,29.0,20.777777777777782,1.778,24.055555555555557
2023-11-06,43295099999.0,"BANGALORE, IN",12.9666666,77.5833333,921.0,23.666666666666664,29.0,19.777777777777775,0.0,23.666666666666664
2023-11-07,43295099999.0,"BANGALORE, IN",12.9666666,77.5833333,921.0,21.833333333333332,28.72222222222222,19.111111111111114,71.11999999999999,21.833333333333332
2023-11-08,43295099999.0,"BANGALORE, IN",12.9666666,77.5833333,921.0,23.388888888888886,26.999999999999996,20.500000000000004,29.209999999999997,23.388888888888886
2023-11-09,43295099999.0,"BANGALORE, IN",12.9666666,77.5833333,921.0,23.111111111111107,28.22222222222222,20.611111111111107,0.0,23.111111111111107
2023-11-10,43295099999.0,"BANGALORE, IN",12.9666666,77.5833333,921.0,23.111111111111107,27.61111111111111,19.777777777777775,,23.111111111111107
2023-11-11,43295099999.0,"BANGALORE, IN",12.9666666,77.5833333,921.0,23.277777777777782,29.0,18.388888888888886,,23.277777777777782
2023-11-12,43295099999.0,"BANGALORE, IN",12.9666666,77.5833333,921.0,22.61111111111111,30.0,18.277777777777782,,22.61111111111111
2023-11-13,43295099999.0,"BANGALORE, IN",12.9666666,77.5833333,921.0,22.38888888888889,28.388888888888886,17.5,,22.38888888888889
2023-11-14,43295099999.0,"BANGALORE, IN",12.9666666,77.5833333,921.0,21.166666666666664,28.22222222222222,18.5,0.0,21.166666666666664
2023-11-15,43295099999.0,"BANGALORE, IN",12.9666666,77.5833333,921.0,23.22222222222222,27.38888888888889,19.388888888888893,0.0,23.22222222222222
2023-11-16,43295099999.0,"BANGALORE, IN",12.9666666,77.5833333,921.0,24.333333333333332,29.0,19.111111111111114,,24.333333333333332
2023-11-17,43295099999.0,"BANGALORE, IN",12.9666666,77.5833333,921.0,24.333333333333332,29.61111111111111,21.0,,24.333333333333332
2023-11-18,43295099999.0,"BANGALORE, IN",12.9666666,77.5833333,921.0,24.27777777777778,29.72222222222222,20.222222222222225,,24.27777777777778
2023-11-19,43295099999.0,"BANGALORE, IN",12.9666666,77.5833333,921.0,23.666666666666664,30.0,19.111111111111114,,23.666666666666664
2023-11-20,43295099999.0,"BANGALORE, IN",12.9666666,77.5833333,921.0,23.61111111111111,29.88888888888889,18.88888888888889,,23.61111111111111
2023-11-21,43295099999.0,"BANGALORE, IN",12.9666666,77.5833333,921.0,22.77777777777778,29.27777777777778,20.38888888888889,,22.77777777777778
2023-11-22,43295099999.0,"BANGALORE, IN",12.9666666,77.5833333,921.0,23.5,27.77777777777778,21.11111111111111,2.032,23.5
2023-11-23,43295099999.0,"BANGALORE, IN",12.9666666,77.5833333,921.0,23.277777777777782,28.277777777777782,20.777777777777782,0.508,23.277777777777782
2023-11-24,43295099999.0,"BANGALORE, IN",12.9666666,77.5833333,921.0,22.77777777777778,28.000000000000004,19.88888888888889,0.0,22.77777777777778
2023-11-25,43295099999.0,"BANGALORE, IN",12.9666666,77.5833333,921.0,22.333333333333332,26.999999999999996,20.222222222222225,0.0,22.333333333333332
2023-11-26,43295099999.0,"BANGALORE, IN",12.9666666,77.5833333,921.0,22.88888888888889,26.722222222222218,18.77777777777778,0.0,22.88888888888889
2023-11-27,43295099999.0,"BANGALORE, IN",12.9666666,77.5833333,921.0,23.000000000000004,27.11111111111111,20.222222222222225,,23.000000000000004
2023-11-28,43295099999.0,"BANGALORE, IN",12.9666666,77.5833333,921.0,23.111111111111107,29.0,20.0,,23.111111111111107
2023-11-29,43295099999.0,"BANGALORE, IN",12.9666666,77.5833333,921.0,23.166666666666668,28.22222222222222,20.38888888888889,,23.166666666666668
2023-11-30,43295099999.0,"BANGALORE, IN",12.9666666,77.5833333,921.0,23.166666666666668,28.5,19.72222222222222,0.0,23.166666666666668
2023-12-01,43295099999.0,"BANGALORE, IN",12.9666666,77.5833333,921.0,22.666666666666668,28.277777777777782,19.88888888888889,0.0,22.666666666666668
2023-12-02,43295099999.0,"BANGALORE, IN",12.9666666,77.5833333,921.0,22.722222222222225,27.38888888888889,18.72222222222222,,22.722222222222225
2023-12-03,43295099999.0,"BANGALORE, IN",12.9666666,77.5833333,921.0,21.77777777777778,27.38888888888889,20.38888888888889,0.254,21.77777777777778
2023-12-04,43295099999.0,"BANGALORE, IN",12.9666666,77.5833333,921.0,21.77777777777778,24.499999999999996,20.222222222222225,0.508,21.77777777777778
2023-12-05,43295099999.0,"BANGALORE, IN",12.9666666,77.5833333,921.0,22.22222222222222,25.777777777777782,19.388888888888893,0.0,22.22222222222222
2023-12-06,43295099999.0,"BANGALORE, IN",12.9666666,77.5833333,921.0,23.944444444444443,29.0,19.388888888888893,,23.944444444444443
2023-12-07,43295099999.0,"BANGALORE, IN",12.9666666,77.5833333,921.0,24.27777777777778,31.22222222222222,20.38888888888889,,24.27777777777778
2023-12-08,43295099999.0,"BANGALORE, IN",12.9666666,77.5833333,921.0,23.833333333333336,30.11111111111111,21.11111111111111,,23.833333333333336
2023-12-09,43295099999.0,"BANGALORE, IN",12.9666666,77.5833333,921.0,23.5,27.61111111111111,20.38888888888889,,23.5
2023-12-10,43295099999.0,"BANGALORE, IN",12.9666666,77.5833333,921.0,23.333333333333332,28.388888888888886,20.0,,23.333333333333332
2023-12-11,43295099999.0,"BANGALORE, IN",12.9666666,77.5833333,921.0,23.333333333333332,29.0,19.388888888888893,,23.333333333333332
2023-12-12,43295099999.0,"BANGALORE, IN",12.9666666,77.5833333,921.0,22.444444444444446,29.0,19.0,,22.444444444444446
2023-12-13,43295099999.0,"BANGALORE, IN",12.9666666,77.5833333,921.0,21.888888888888893,28.61111111111111,18.277777777777782,,21.888888888888893
2023-12-14,43295099999.0,"BANGALORE, IN",12.9666666,77.5833333,921.0,21.166666666666664,27.5,17.72222222222222,,21.166666666666664
2023-12-15,43295099999.0,"BANGALORE, IN",12.9666666,77.5833333,921.0,21.5,26.5,17.38888888888889,,21.5
2023-12-16,43295099999.0,"BANGALORE, IN",12.9666666,77.5833333,921.0,22.277777777777775,26.27777777777778,19.111111111111114,,22.277777777777775
2023-12-17,43295099999.0,"BANGALORE, IN",12.9666666,77.5833333,921.0,21.611111111111114,27.277777777777775,19.388888888888893,,21.611111111111114
2023-12-18,43295099999.0,"BANGALORE, IN",12.9666666,77.5833333,921.0,20.888888888888886,25.0,19.0,,20.888888888888886
2023-12-19,43295099999.0,"BANGALORE, IN",12.9666666,77.5833333,921.0,21.555555555555557,26.0,17.72222222222222,,21.555555555555557
2023-12-20,43295099999.0,"BANGALORE, IN",12.9666666,77.5833333,921.0,21.611111111111114,27.277777777777775,17.72222222222222,,21.611111111111114
2023-12-21,43295099999.0,"BANGALORE, IN",12.9666666,77.5833333,921.0,21.444444444444443,27.38888888888889,18.388888888888886,,21.444444444444443
2023-12-22,43295099999.0,"BANGALORE, IN",12.9666666,77.5833333,921.0,22.666666666666668,28.388888888888886,18.000000000000004,,22.666666666666668
2023-12-23,43295099999.0,"BANGALORE, IN",12.9666666,77.5833333,921.0,21.166666666666664,29.22222222222222,16.38888888888889,,21.166666666666664
2023-12-24,43295099999.0,"BANGALORE, IN",12.9666666,77.5833333,921.0,22.722222222222225,29.0,15.0,,22.722222222222225
2023-12-25,43295099999.0,"BANGALORE, IN",12.9666666,77.5833333,921.0,,,,,21.916666666666668
2023-12-26,43295099999.0,"BANGALORE, IN",12.9666666,77.5833333,921.0,21.11111111111111,26.0,17.77777777777778,,21.11111111111111
2023-12-27,43295099999.0,"BANGALORE, IN",12.9666666,77.5833333,921.0,21.722222222222218,29.0,16.0,,21.722222222222218
2023-12-28,43295099999.0,"BANGALORE, IN",12.9666666,77.5833333,921.0,21.999999999999996,28.88888888888889,17.38888888888889,,21.999999999999996
2023-12-29,43295099999.0,"BANGALORE, IN",12.9666666,77.5833333,921.0,21.22222222222222,28.22222222222222,18.77777777777778,,21.22222222222222
2023-12-30,43295099999.0,"BANGALORE, IN",12.9666666,77.5833333,921.0,22.666666666666668,29.0,17.77777777777778,,22.666666666666668
2023-12-31,43295099999.0,"BANGALORE, IN",12.9666666,77.5833333,921.0,21.444444444444443,29.0,17.11111111111111,,21.444444444444443
2024-01-01,43295099999.0,"BANGALORE, IN",12.9666666,77.5833333,921.0,22.277777777777775,27.277777777777775,17.0,,22.277777777777775
2024-01-02,43295099999.0,"BANGALORE, IN",12.9666666,77.5833333,921.0,21.888888888888893,28.22222222222222,18.5,,21.888888888888893
2024-01-03,43295099999.0,"BANGALORE, IN",12.9666666,77.5833333,921.0,21.888888888888893,28.22222222222222,17.38888888888889,,21.888888888888893
2024-01-04,43295099999.0,"BANGALORE, IN",12.9666666,77.5833333,921.0,22.055555555555557,25.500000000000004,18.77777777777778,0.0,22.055555555555557
2024-01-05,43295099999.0,"BANGALORE, IN",12.9666666,77.5833333,921.0,22.277777777777775,25.777777777777782,18.88888888888889,0.0,22.277777777777775
2024-01-06,43295099999.0,"BANGALORE, IN",12.9666666,77.5833333,921.0,22.38888888888889,28.5,18.5,,22.38888888888889
2024-01-07,43295099999.0,"BANGALORE, IN",12.9666666,77.5833333,921.0,23.166666666666668,29.22222222222222,18.000000000000004,,23.166666666666668
2024-01-08,43295099999.0,"BANGALORE, IN",12.9666666,77.5833333,921.0,21.0,29.61111111111111,19.88888888888889,2.032,21.0
2024-01-09,43295099999.0,"BANGALORE, IN",12.9666666,77.5833333,921.0,21.333333333333336,24.61111111111111,19.222222222222218,,21.333333333333336
2024-01-10,43295099999.0,"BANGALORE, IN",12.9666666,77.5833333,921.0,21.944444444444443,26.38888888888889,17.38888888888889,,21.944444444444443
2024-01-11,43295099999.0,"BANGALORE, IN",12.9666666,77.5833333,921.0,22.555555555555554,29.22222222222222,17.38888888888889,,22.555555555555554
2024-01-12,43295099999.0,"BANGALORE, IN",12.9666666,77.5833333,921.0,22.11111111111111,29.61111111111111,16.88888888888889,,22.11111111111111
2024-01-13,43295099999.0,"BANGALORE, IN",12.9666666,77.5833333,921.0,22.16666666666667,28.388888888888886,16.61111111111111,,22.16666666666667
2024-01-14,43295099999.0,"BANGALORE, IN",12.9666666,77.5833333,921.0,22.944444444444443,29.0,18.000000000000004,,22.944444444444443
2024-01-15,43295099999.0,"BANGALORE, IN",12.9666666,77.5833333,921.0,22.5,29.77777777777778,17.0,,22.5
2024-01-16,43295099999.0,"BANGALORE, IN",12.9666666,77.5833333,921.0,22.277777777777775,29.88888888888889,17.38888888888889,,22.277777777777775
2024-01-17,43295099999.0,"BANGALORE, IN",12.9666666,77.5833333,921.0,22.16666666666667,29.11111111111111,17.27777777777778,,22.16666666666667
2024-01-18,43295099999.0,"BANGALORE, IN",12.9666666,77.5833333,921.0,22.5,29.11111111111111,17.11111111111111,,22.5
2024-01-19,43295099999.0,"BANGALORE, IN",12.9666666,77.5833333,921.0,23.111111111111107,29.22222222222222,17.0,,23.111111111111107
2024-01-20,43295099999.0,"BANGALORE, IN",12.9666666,77.5833333,921.0,23.166666666666668,29.5,17.77777777777778,,23.166666666666668
2024-01-21,43295099999.0,"BANGALORE, IN",12.9666666,77.5833333,921.0,23.833333333333336,30.0,17.88888888888889,,23.833333333333336
2024-01-22,43295099999.0,"BANGALORE, IN",12.9666666,77.5833333,921.0,24.499999999999996,30.5,18.5,,24.499999999999996
2024-01-23,43295099999.0,"BANGALORE, IN",12.9666666,77.5833333,921.0,23.5,30.61111111111111,16.27777777777778,,23.5
2024-01-24,43295099999.0,"BANGALORE, IN",12.9666666,77.5833333,921.0,23.277777777777782,30.38888888888889,17.88888888888889,,23.277777777777782
2024-01-25,43295099999.0,"BANGALORE, IN",12.9666666,77.5833333,921.0,23.72222222222222,30.0,18.88888888888889,,23.72222222222222
2024-01-26,43295099999.0,"BANGALORE, IN",12.9666666,77.5833333,921.0,22.722222222222225,29.5,17.5,,22.722222222222225
2024-01-27,43295099999.0,"BANGALORE, IN",12.9666666,77.5833333,921.0,22.666666666666668,29.5,16.22222222222222,,22.666666666666668
2024-01-28,43295099999.0,"BANGALORE, IN",12.9666666,77.5833333,921.0,22.16666666666667,28.72222222222222,17.5,,22.16666666666667
2024-01-29,43295099999.0,"BANGALORE, IN",12.9666666,77.5833333,921.0,22.555555555555554,28.5,17.61111111111111,,22.555555555555554
2024-01-30,43295099999.0,"BANGALORE, IN",12.9666666,77.5833333,921.0,23.000000000000004,29.61111111111111,16.27777777777778,,23.000000000000004
2024-01-31,43295099999.0,"BANGALORE, IN",12.9666666,77.5833333,921.0,24.166666666666668,30.61111111111111,16.38888888888889,,24.166666666666668
2024-02-01,43295099999.0,"BANGALORE, IN",12.9666666,77.5833333,921.0,24.72222222222222,31.61111111111111,19.27777777777778,,24.72222222222222
2024-02-02,43295099999.0,"BANGALORE, IN",12.9666666,77.5833333,921.0,25.055555555555554,31.38888888888889,20.11111111111111,,25.055555555555554
2024-02-03,43295099999.0,"BANGALORE, IN",12.9666666,77.5833333,921.0,24.61111111111111,31.27777777777778,20.222222222222225,,24.61111111111111
2024-02-04,43295099999.0,"BANGALORE, IN",12.9666666,77.5833333,921.0,24.222222222222218,30.61111111111111,18.61111111111111,,24.222222222222218
2024-02-05,43295099999.0,"BANGALORE, IN",12.9666666,77.5833333,921.0,24.555555555555557,31.38888888888889,18.277777777777782,,24.555555555555557
2024-02-06,43295099999.0,"BANGALORE, IN",12.9666666,77.5833333,921.0,25.666666666666668,31.77777777777778,18.111111111111107,,25.666666666666668
2024-02-07,43295099999.0,"BANGALORE, IN",12.9666666,77.5833333,921.0,25.666666666666668,33.0,18.000000000000004,,25.666666666666668
2024-02-08,43295099999.0,"BANGALORE, IN",12.9666666,77.5833333,921.0,25.38888888888889,34.111111111111114,18.22222222222222,,25.38888888888889
2024-02-09,43295099999.0,"BANGALORE, IN",12.9666666,77.5833333,921.0,25.0,34.22222222222222,18.388888888888886,,25.0
2024-02-10,43295099999.0,"BANGALORE, IN",12.9666666,77.5833333,921.0,23.5,33.22222222222222,19.222222222222218,,23.5
2024-02-11,43295099999.0,"BANGALORE, IN",12.9666666,77.5833333,921.0,23.77777777777778,31.22222222222222,18.000000000000004,,23.77777777777778
2024-02-12,43295099999.0,"BANGALORE, IN",12.9666666,77.5833333,921.0,24.055555555555557,31.0,16.5,,24.055555555555557
2024-02-13,43295099999.0,"BANGALORE, IN",12.9666666,77.5833333,921.0,23.77777777777778,32.0,17.22222222222222,,23.77777777777778
2024-02-14,43295099999.0,"BANGALORE, IN",12.9666666,77.5833333,921.0,24.055555555555557,31.0,18.61111111111111,,24.055555555555557
2024-02-15,43295099999.0,"BANGALORE, IN",12.9666666,77.5833333,921.0,23.666666666666664,31.22222222222222,17.88888888888889,,23.666666666666664
2024-02-16,43295099999.0,"BANGALORE, IN",12.9666666,77.5833333,921.0,23.833333333333336,31.38888888888889,18.22222222222222,,23.833333333333336
2024-02-17,43295099999.0,"BANGALORE, IN",12.9666666,77.5833333,921.0,24.777777777777775,31.0,17.72222222222222,,24.777777777777775
2024-02-18,43295099999.0,"BANGALORE, IN",12.9666666,77.5833333,921.0,25.500000000000004,32.0,18.277777777777782,,25.500000000000004
2024-02-19,43295099999.0,"BANGALORE, IN",12.9666666,77.5833333,921.0,25.500000000000004,32.611111111111114,18.388888888888886,,25.500000000000004
2024-02-20,43295099999.0,"BANGALORE, IN",12.9666666,77.5833333,921.0,26.27777777777778,33.0,19.388888888888893,,26.27777777777778
2024-02-21,43295099999.0,"BANGALORE, IN",12.9666666,77.5833333,921.0,26.722222222222218,33.0,21.38888888888889,,26.722222222222218
2024-02-22,43295099999.0,"BANGALORE, IN",12.9666666,77.5833333,921.0,26.611111111111114,32.77777777777778,21.77777777777778,,26.611111111111114
2024-02-23,43295099999.0,"BANGALORE, IN",12.9666666,77.5833333,921.0,27.277777777777775,33.388888888888886,21.0,,27.277777777777775
2024-02-24,43295099999.0,"BANGALORE, IN",12.9666666,77.5833333,921.0,26.77777777777778,34.5,21.611111111111114,,26.77777777777778
2024-02-25,43295099999.0,"BANGALORE, IN",12.9666666,77.5833333,921.0,25.72222222222222,32.5,21.0,,25.72222222222222
2024-02-26,43295099999.0,"BANGALORE, IN",12.9666666,77.5833333,921.0,24.499999999999996,32.0,19.0,,24.499999999999996
2024-02-27,43295099999.0,"BANGALORE, IN",12.9666666,77.5833333,921.0,24.27777777777778,31.22222222222222,20.0,,24.27777777777778
2024-02-28,43295099999.0,"BANGALORE, IN",12.9666666,77.5833333,921.0,25.444444444444443,32.611111111111114,19.0,,25.444444444444443
2024-02-29,43295099999.0,"BANGALORE, IN",12.9666666,77.5833333,921.0,25.72222222222222,33.27777777777778,18.111111111111107,,25.72222222222222
2024-03-01,43295099999.0,"BANGALORE, IN",12.9666666,77.5833333,921.0,26.11111111111111,33.5,18.61111111111111,,26.11111111111111
2024-03-02,43295099999.0,"BANGALORE, IN",12.9666666,77.5833333,921.0,25.777777777777782,32.77777777777778,19.388888888888893,,25.777777777777782
2024-03-03,43295099999.0,"BANGALORE, IN",12.9666666,77.5833333,921.0,26.333333333333336,33.111111111111114,20.0,,26.333333333333336
2024-03-04,43295099999.0,"BANGALORE, IN",12.9666666,77.5833333,921.0,27.277777777777775,33.77777777777778,20.27777777777778,,27.277777777777775
2024-03-05,43295099999.0,"BANGALORE, IN",12.9666666,77.5833333,921.0,27.944444444444443,34.77777777777778,20.500000000000004,,27.944444444444443
2024-03-06,43295099999.0,"BANGALORE, IN",12.9666666,77.5833333,921.0,27.277777777777775,36.0,22.22222222222222,,27.277777777777775
2024-03-07,43295099999.0,"BANGALORE, IN",12.9666666,77.5833333,921.0,28.166666666666668,34.5,21.38888888888889,,28.166666666666668
2024-03-08,43295099999.0,"BANGALORE, IN",12.9666666,77.5833333,921.0,27.77777777777778,34.77777777777778,21.5,,27.77777777777778
2024-03-09,43295099999.0,"BANGALORE, IN",12.9666666,77.5833333,921.0,28.555555555555557,34.5,23.277777777777782,,28.555555555555557
2024-03-10,43295099999.0,"BANGALORE, IN",12.9666666,77.5833333,921.0,27.555555555555554,35.111111111111114,23.000000000000004,,27.555555555555554
2024-03-11,43295099999.0,"BANGALORE, IN",12.9666666,77.5833333,921.0,27.22222222222222,34.22222222222222,21.611111111111114,,27.22222222222222
2024-03-12,43295099999.0,"BANGALORE, IN",12.9666666,77.5833333,921.0,27.666666666666668,34.0,21.77777777777778,,27.666666666666668
2024-03-13,43295099999.0,"BANGALORE, IN",12.9666666,77.5833333,921.0,28.166666666666668,34.611111111111114,21.999999999999996,,28.166666666666668
2024-03-14,43295099999.0,"BANGALORE, IN",12.9666666,77.5833333,921.0,28.77777777777778,34.22222222222222,23.5,,28.77777777777778
2024-03-15,43295099999.0,"BANGALORE, IN",12.9666666,77.5833333,921.0,28.5,34.611111111111114,24.222222222222218,,28.5
2024-03-16,43295099999.0,"BANGALORE, IN",12.9666666,77.5833333,921.0,28.055555555555557,35.111111111111114,24.0,,28.055555555555557
2024-03-17,43295099999.0,"BANGALORE, IN",12.9666666,77.5833333,921.0,27.444444444444446,34.5,22.11111111111111,,27.444444444444446
2024-03-18,43295099999.0,"BANGALORE, IN",12.9666666,77.5833333,921.0,27.61111111111111,34.388888888888886,22.22222222222222,,27.61111111111111
2024-03-19,43295099999.0,"BANGALORE, IN",12.9666666,77.5833333,921.0,27.61111111111111,34.111111111111114,22.277777777777775,,27.61111111111111
2024-03-20,43295099999.0,"BANGALORE, IN",12.9666666,77.5833333,921.0,27.555555555555554,34.5,21.0,,27.555555555555554
2024-03-21,43295099999.0,"BANGALORE, IN",12.9666666,77.5833333,921.0,26.22222222222222,34.611111111111114,20.500000000000004,,26.22222222222222
2024-03-22,43295099999.0,"BANGALORE, IN",12.9666666,77.5833333,921.0,26.944444444444443,32.611111111111114,21.22222222222222,,26.944444444444443
2024-03-23,43295099999.0,"BANGALORE, IN",12.9666666,77.5833333,921.0,28.000000000000004,34.0,21.27777777777778,,28.000000000000004
2024-03-24,43295099999.0,"BANGALORE, IN",12.9666666,77.5833333,921.0,28.111111111111107,34.77777777777778,21.22222222222222,,28.111111111111107
2024-03-25,43295099999.0,"BANGALORE, IN",12.9666666,77.5833333,921.0,27.88888888888889,35.388888888888886,21.0,,27.88888888888889
2024-03-26,43295099999.0,"BANGALORE, IN",12.9666666,77.5833333,921.0,27.77777777777778,35.22222222222222,21.0,,27.77777777777778
2024-03-27,43295099999.0,"BANGALORE, IN",12.9666666,77.5833333,921.0,30.166666666666668,35.611111111111114,21.0,,30.166666666666668
2024-03-28,43295099999.0,"BANGALORE, IN",12.9666666,77.5833333,921.0,,,,,30.07936507936508
2024-03-29,43295099999.0,"BANGALORE, IN",12.9666666,77.5833333,921.0,,,,,29.992063492063494
2024-03-30,43295099999.0,"BANGALORE, IN",12.9666666,77.5833333,921.0,,,,,29.904761904761905
2024-03-31,43295099999.0,"BANGALORE, IN",12.9666666,77.5833333,921.0,,,,,29.81746031746032
2024-04-01,43295099999.0,"BANGALORE, IN",12.9666666,77.5833333,921.0,,,,,29.73015873015873
2024-04-02,43295099999.0,"BANGALORE, IN",12.9666666,77.5833333,921.0,,,,,29.642857142857146
2024-04-03,43295099999.0,"BANGALORE, IN",12.9666666,77.5833333,921.0,29.555555555555557,37.22222222222222,24.27777777777778,,29.555555555555557
2024-04-04,43295099999.0,"BANGALORE, IN",12.9666666,77.5833333,921.0,29.555555555555557,36.611111111111114,22.38888888888889,,29.555555555555557
2024-04-05,43295099999.0,"BANGALORE, IN",12.9666666,77.5833333,921.0,30.11111111111111,37.0,24.0,,30.11111111111111
2024-04-06,43295099999.0,"BANGALORE, IN",12.9666666,77.5833333,921.0,30.11111111111111,37.0,23.000000000000004,,30.11111111111111
2024-04-07,43295099999.0,"BANGALORE, IN",12.9666666,77.5833333,921.0,30.0,37.611111111111114,24.0,,30.0
2024-04-08,43295099999.0,"BANGALORE, IN",12.9666666,77.5833333,921.0,29.944444444444443,37.22222222222222,24.0,,29.944444444444443
2024-04-09,43295099999.0,"BANGALORE, IN",12.9666666,77.5833333,921.0,28.61111111111111,37.0,22.5,,28.61111111111111
2024-04-10,43295099999.0,"BANGALORE, IN",12.9666666,77.5833333,921.0,28.77777777777778,35.22222222222222,22.5,,28.77777777777778
2024-04-11,43295099999.0,"BANGALORE, IN",12.9666666,77.5833333,921.0,29.0,36.0,21.611111111111114,,29.0
2024-04-12,43295099999.0,"BANGALORE, IN",12.9666666,77.5833333,921.0,28.88888888888889,35.77777777777778,22.61111111111111,,28.88888888888889
2024-04-13,43295099999.0,"BANGALORE, IN",12.9666666,77.5833333,921.0,29.27777777777778,34.611111111111114,22.5,,29.27777777777778
2024-04-14,43295099999.0,"BANGALORE, IN",12.9666666,77.5833333,921.0,29.555555555555557,35.388888888888886,22.277777777777775,,29.555555555555557
2024-04-15,43295099999.0,"BANGALORE, IN",12.9666666,77.5833333,921.0,28.944444444444443,35.388888888888886,21.999999999999996,,28.944444444444443
2024-04-16,43295099999.0,"BANGALORE, IN",12.9666666,77.5833333,921.0,,,,,29.333333333333332
2024-04-17,43295099999.0,"BANGALORE, IN",12.9666666,77.5833333,921.0,,,,,29.72222222222222
2024-04-18,43295099999.0,"BANGALORE, IN",12.9666666,77.5833333,921.0,,,,,30.11111111111111
2024-04-19,43295099999.0,"BANGALORE, IN",12.9666666,77.5833333,921.0,30.5,37.22222222222222,24.388888888888893,,30.5
2024-04-20,43295099999.0,"BANGALORE, IN",12.9666666,77.5833333,921.0,28.72222222222222,36.611111111111114,24.222222222222218,,28.72222222222222
2024-04-21,43295099999.0,"BANGALORE, IN",12.9666666,77.5833333,921.0,30.555555555555557,37.388888888888886,24.222222222222218,,30.555555555555557
2024-04-22,43295099999.0,"BANGALORE, IN",12.9666666,77.5833333,921.0,30.5,37.388888888888886,25.222222222222225,,30.5
2024-04-23,43295099999.0,"BANGALORE, IN",12.9666666,77.5833333,921.0,30.5,37.22222222222222,24.777777777777775,,30.5
2024-04-24,43295099999.0,"BANGALORE, IN",12.9666666,77.5833333,921.0,29.61111111111111,37.611111111111114,23.388888888888886,,29.61111111111111
2024-04-25,43295099999.0,"BANGALORE, IN",12.9666666,77.5833333,921.0,30.38888888888889,37.0,24.777777777777775,,30.38888888888889
2024-04-26,43295099999.0,"BANGALORE, IN",12.9666666,77.5833333,921.0,30.5,37.388888888888886,24.388888888888893,,30.5
2024-04-27,43295099999.0,"BANGALORE, IN",12.9666666,77.5833333,921.0,30.444444444444443,37.388888888888886,23.388888888888886,,30.444444444444443
2024-04-28,43295099999.0,"BANGALORE, IN",12.9666666,77.5833333,921.0,30.833333333333332,38.0,23.388888888888886,,30.833333333333332
2024-04-29,43295099999.0,"BANGALORE, IN",12.9666666,77.5833333,921.0,30.833333333333332,38.5,25.0,,30.833333333333332
2024-04-30,43295099999.0,"BANGALORE, IN",12.9666666,77.5833333,921.0,31.61111111111111,37.77777777777778,25.222222222222225,,31.61111111111111
2024-05-01,43295099999.0,"BANGALORE, IN",12.9666666,77.5833333,921.0,,,,,31.36111111111111
2024-05-02,43295099999.0,"BANGALORE, IN",12.9666666,77.5833333,921.0,31.11111111111111,38.111111111111114,25.222222222222225,0.0,31.11111111111111
2024-05-03,43295099999.0,"BANGALORE, IN",12.9666666,77.5833333,921.0,27.77777777777778,38.22222222222222,24.388888888888893,0.0,27.77777777777778
2024-05-04,43295099999.0,"BANGALORE, IN",12.9666666,77.5833333,921.0,29.5,37.0,23.277777777777782,17.018,29.5
2024-05-05,43295099999.0,"BANGALORE, IN",12.9666666,77.5833333,921.0,30.27777777777778,37.611111111111114,24.111111111111114,0.0,30.27777777777778
2024-05-06,43295099999.0,"BANGALORE, IN",12.9666666,77.5833333,921.0,27.277777777777775,37.0,21.22222222222222,,27.277777777777775
2024-05-07,43295099999.0,"BANGALORE, IN",12.9666666,77.5833333,921.0,28.000000000000004,36.27777777777778,21.27777777777778,19.558,28.000000000000004
2024-05-08,43295099999.0,"BANGALORE, IN",12.9666666,77.5833333,921.0,25.500000000000004,33.77777777777778,21.999999999999996,0.0,25.500000000000004
2024-05-09,43295099999.0,"BANGALORE, IN",12.9666666,77.5833333,921.0,27.77777777777778,34.22222222222222,20.222222222222225,18.034,27.77777777777778
2024-05-10,43295099999.0,"BANGALORE, IN",12.9666666,77.5833333,921.0,27.22222222222222,33.611111111111114,21.999999999999996,13.97,27.22222222222222
2024-05-11,43295099999.0,"BANGALORE, IN",12.9666666,77.5833333,921.0,27.38888888888889,31.88888888888889,21.0,1.5239999999999998,27.38888888888889
2024-05-12,43295099999.0,"BANGALORE, IN",12.9666666,77.5833333,921.0,26.5,33.22222222222222,21.0,0.0,26.5
2024-05-13,43295099999.0,"BANGALORE, IN",12.9666666,77.5833333,921.0,25.33333333333333,33.611111111111114,20.777777777777782,13.97,25.33333333333333
2024-05-14,43295099999.0,"BANGALORE, IN",12.9666666,77.5833333,921.0,25.777777777777782,30.38888888888889,20.222222222222225,25.907999999999998,25.777777777777782
2024-05-15,43295099999.0,"BANGALORE, IN",12.9666666,77.5833333,921.0,26.999999999999996,31.38888888888889,23.22222222222222,0.0,26.999999999999996
2024-05-16,43295099999.0,"BANGALORE, IN",12.9666666,77.5833333,921.0,26.22222222222222,31.77777777777778,23.22222222222222,0.0,26.22222222222222
2024-05-17,43295099999.0,"BANGALORE, IN",12.9666666,77.5833333,921.0,24.66666666666667,30.5,22.11111111111111,19.049999999999997,24.66666666666667
2024-05-18,43295099999.0,"BANGALORE, IN",12.9666666,77.5833333,921.0,25.0,29.22222222222222,21.999999999999996,0.0,25.0
2024-05-19,43295099999.0,"BANGALORE, IN",12.9666666,77.5833333,921.0,24.0,29.27777777777778,21.999999999999996,30.225999999999996,24.0
2024-05-20,43295099999.0,"BANGALORE, IN",12.9666666,77.5833333,921.0,24.72222222222222,28.61111111111111,21.999999999999996,18.034,24.72222222222222
2024-05-21,43295099999.0,"BANGALORE, IN",12.9666666,77.5833333,921.0,25.666666666666668,30.0,21.722222222222218,2.032,25.666666666666668
2024-05-22,43295099999.0,"BANGALORE, IN",12.9666666,77.5833333,921.0,26.555555555555557,31.61111111111111,22.11111111111111,0.0,26.555555555555557
2024-05-23,43295099999.0,"BANGALORE, IN",12.9666666,77.5833333,921.0,27.61111111111111,32.388888888888886,23.22222222222222,0.254,27.61111111111111
2024-05-24,43295099999.0,"BANGALORE, IN",12.9666666,77.5833333,921.0,26.333333333333336,33.388888888888886,22.77777777777778,0.0,26.333333333333336
2024-05-25,43295099999.0,"BANGALORE, IN",12.9666666,77.5833333,921.0,25.055555555555554,32.0,21.611111111111114,1.016,25.055555555555554
2024-05-26,43295099999.0,"BANGALORE, IN",12.9666666,77.5833333,921.0,25.166666666666668,30.72222222222222,21.611111111111114,0.0,25.166666666666668
2024-05-27,43295099999.0,"BANGALORE, IN",12.9666666,77.5833333,921.0,26.5,30.61111111111111,21.888888888888893,,26.5
2024-05-28,43295099999.0,"BANGALORE, IN",12.9666666,77.5833333,921.0,26.27777777777778,31.61111111111111,22.38888888888889,,26.27777777777778
2024-05-29,43295099999.0,"BANGALORE, IN",12.9666666,77.5833333,921.0,26.666666666666668,31.22222222222222,22.22222222222222,,26.666666666666668
2024-05-30,43295099999.0,"BANGALORE, IN",12.9666666,77.5833333,921.0,27.944444444444443,32.22222222222222,21.999999999999996,,27.944444444444443
2024-05-31,43295099999.0,"BANGALORE, IN",12.9666666,77.5833333,921.0,29.166666666666668,34.388888888888886,23.277777777777782,,29.166666666666668
2024-06-01,43295099999.0,"BANGALORE, IN",12.9666666,77.5833333,921.0,25.611111111111107,35.388888888888886,20.611111111111107,12.953999999999999,25.611111111111107
2024-06-02,43295099999.0,"BANGALORE, IN",12.9666666,77.5833333,921.0,24.27777777777778,33.77777777777778,20.38888888888889,29.971999999999998,24.27777777777778
2024-06-03,43295099999.0,"BANGALORE, IN",12.9666666,77.5833333,921.0,24.944444444444446,31.77777777777778,19.27777777777778,110.99799999999999,24.944444444444446
2024-06-04,43295099999.0,"BANGALORE, IN",12.9666666,77.5833333,921.0,26.22222222222222,30.77777777777778,21.888888888888893,0.0,26.22222222222222
2024-06-05,43295099999.0,"BANGALORE, IN",12.9666666,77.5833333,921.0,25.055555555555554,31.38888888888889,21.77777777777778,0.508,25.055555555555554
2024-06-06,43295099999.0,"BANGALORE, IN",12.9666666,77.5833333,921.0,24.27777777777778,31.22222222222222,21.611111111111114,6.095999999999999,24.27777777777778
2024-06-07,43295099999.0,"BANGALORE, IN",12.9666666,77.5833333,921.0,24.0,29.61111111111111,21.77777777777778,5.08,24.0
2024-06-08,43295099999.0,"BANGALORE, IN",12.9666666,77.5833333,921.0,24.66666666666667,29.0,21.38888888888889,14.477999999999998,24.66666666666667
2024-06-09,43295099999.0,"BANGALORE, IN",12.9666666,77.5833333,921.0,22.944444444444443,29.61111111111111,20.777777777777782,0.0,22.944444444444443
2024-06-10,43295099999.0,"BANGALORE, IN",12.9666666,77.5833333,921.0,24.222222222222218,29.61111111111111,21.22222222222222,8.889999999999999,24.222222222222218
2024-06-11,43295099999.0,"BANGALORE, IN",12.9666666,77.5833333,921.0,24.0,28.22222222222222,21.611111111111114,3.0479999999999996,24.0
2024-06-12,43295099999.0,"BANGALORE, IN",12.9666666,77.5833333,921.0,24.388888888888893,29.22222222222222,21.5,3.0479999999999996,24.388888888888893
2024-06-13,43295099999.0,"BANGALORE, IN",12.9666666,77.5833333,921.0,23.5,29.0,21.22222222222222,0.0,23.5
2024-06-14,43295099999.0,"BANGALORE, IN",12.9666666,77.5833333,921.0,24.944444444444446,29.61111111111111,21.0,4.064,24.944444444444446
2024-06-15,43295099999.0,"BANGALORE, IN",12.9666666,77.5833333,921.0,25.38888888888889,29.61111111111111,21.11111111111111,0.0,25.38888888888889
2024-06-16,43295099999.0,"BANGALORE, IN",12.9666666,77.5833333,921.0,25.500000000000004,30.0,21.0,,25.500000000000004
2024-06-17,43295099999.0,"BANGALORE, IN",12.9666666,77.5833333,921.0,25.777777777777782,30.11111111111111,21.5,2.032,25.777777777777782
2024-06-18,43295099999.0,"BANGALORE, IN",12.9666666,77.5833333,921.0,25.11111111111111,30.77777777777778,21.999999999999996,0.508,25.11111111111111
2024-06-19,43295099999.0,"BANGALORE, IN",12.9666666,77.5833333,921.0,25.555555555555557,30.27777777777778,22.22222222222222,,25.555555555555557
2024-06-20,43295099999.0,"BANGALORE, IN",12.9666666,77.5833333,921.0,24.166666666666668,31.0,21.999999999999996,0.0,24.166666666666668
2024-06-21,43295099999.0,"BANGALORE, IN",12.9666666,77.5833333,921.0,24.88888888888889,30.77777777777778,20.777777777777782,13.97,24.88888888888889
2024-06-22,43295099999.0,"BANGALORE, IN",12.9666666,77.5833333,921.0,24.055555555555557,27.38888888888889,21.0,0.0,24.055555555555557
2024-06-23,43295099999.0,"BANGALORE, IN",12.9666666,77.5833333,921.0,23.555555555555557,28.61111111111111,21.22222222222222,0.0,23.555555555555557
2024-06-24,43295099999.0,"BANGALORE, IN",12.9666666,77.5833333,921.0,24.499999999999996,30.27777777777778,20.888888888888886,0.0,24.499999999999996
2024-06-25,43295099999.0,"BANGALORE, IN",12.9666666,77.5833333,921.0,25.500000000000004,29.0,21.5,,25.500000000000004
2024-06-26,43295099999.0,"BANGALORE, IN",12.9666666,77.5833333,921.0,23.88888888888889,29.88888888888889,21.5,0.254,23.88888888888889
2024-06-27,43295099999.0,"BANGALORE, IN",12.9666666,77.5833333,921.0,23.277777777777782,27.77777777777778,21.38888888888889,0.0,23.277777777777782
2024-06-28,43295099999.0,"BANGALORE, IN",12.9666666,77.5833333,921.0,24.166666666666668,28.77777777777778,21.27777777777778,0.0,24.166666666666668
2024-06-29,43295099999.0,"BANGALORE, IN",12.9666666,77.5833333,921.0,24.88888888888889,29.72222222222222,21.11111111111111,1.016,24.88888888888889
2024-06-30,43295099999.0,"BANGALORE, IN",12.9666666,77.5833333,921.0,23.833333333333336,29.72222222222222,21.77777777777778,0.0,23.833333333333336
2024-07-01,43295099999.0,"BANGALORE, IN",12.9666666,77.5833333,921.0,23.5,27.77777777777778,21.77777777777778,3.0479999999999996,23.5
2024-07-02,43295099999.0,"BANGALORE, IN",12.9666666,77.5833333,921.0,24.499999999999996,27.61111111111111,21.27777777777778,2.032,24.499999999999996
2024-07-03,43295099999.0,"BANGALORE, IN",12.9666666,77.5833333,921.0,24.27777777777778,28.388888888888886,21.77777777777778,0.0,24.27777777777778
2024-07-04,43295099999.0,"BANGALORE, IN",12.9666666,77.5833333,921.0,24.333333333333332,28.77777777777778,21.38888888888889,3.0479999999999996,24.333333333333332
2024-07-05,43295099999.0,"BANGALORE, IN",12.9666666,77.5833333,921.0,24.444444444444443,28.61111111111111,21.38888888888889,0.0,24.444444444444443
2024-07-06,43295099999.0,"BANGALORE, IN",12.9666666,77.5833333,921.0,24.0,29.5,20.38888888888889,2.032,24.0
2024-07-07,43295099999.0,"BANGALORE, IN",12.9666666,77.5833333,921.0,23.5,27.77777777777778,21.22222222222222,0.0,23.5
2024-07-08,43295099999.0,"BANGALORE, IN",12.9666666,77.5833333,921.0,21.888888888888893,28.77777777777778,20.500000000000004,,21.888888888888893
2024-07-09,43295099999.0,"BANGALORE, IN",12.9666666,77.5833333,921.0,22.83333333333333,26.38888888888889,19.777777777777775,22.098,22.83333333333333
2024-07-10,43295099999.0,"BANGALORE, IN",12.9666666,77.5833333,921.0,24.27777777777778,29.22222222222222,20.222222222222225,0.0,24.27777777777778
2024-07-11,43295099999.0,"BANGALORE, IN",12.9666666,77.5833333,921.0,25.166666666666668,30.22222222222222,21.5,0.0,25.166666666666668
2024-07-12,43295099999.0,"BANGALORE, IN",12.9666666,77.5833333,921.0,23.61111111111111,30.22222222222222,20.38888888888889,16.002,23.61111111111111
2024-07-13,43295099999.0,"BANGALORE, IN",12.9666666,77.5833333,921.0,23.944444444444443,31.0,20.777777777777782,,23.944444444444443
2024-07-14,43295099999.0,"BANGALORE, IN",12.9666666,77.5833333,921.0,22.666666666666668,28.000000000000004,20.611111111111107,0.0,22.666666666666668
2024-07-15,43295099999.0,"BANGALORE, IN",12.9666666,77.5833333,921.0,21.11111111111111,22.38888888888889,20.500000000000004,2.032,21.11111111111111
2024-07-16,43295099999.0,"BANGALORE, IN",12.9666666,77.5833333,921.0,22.11111111111111,24.388888888888893,20.222222222222225,8.889999999999999,22.11111111111111
2024-07-17,43295099999.0,"BANGALORE, IN",12.9666666,77.5833333,921.0,23.22222222222222,26.611111111111114,20.0,0.254,23.22222222222222
2024-07-18,43295099999.0,"BANGALORE, IN",12.9666666,77.5833333,921.0,21.833333333333332,27.61111111111111,20.777777777777782,0.254,21.833333333333332
2024-07-19,43295099999.0,"BANGALORE, IN",12.9666666,77.5833333,921.0,21.0,26.999999999999996,20.222222222222225,5.08,21.0
2024-07-20,43295099999.0,"BANGALORE, IN",12.9666666,77.5833333,921.0,22.722222222222225,26.0,19.777777777777775,3.0479999999999996,22.722222222222225
2024-07-21,43295099999.0,"BANGALORE, IN",12.9666666,77.5833333,921.0,22.722222222222225,26.611111111111114,20.611111111111107,0.0,22.722222222222225
2024-07-22,43295099999.0,"BANGALORE, IN",12.9666666,77.5833333,921.0,22.944444444444443,26.22222222222222,20.222222222222225,5.334,22.944444444444443
2024-07-23,43295099999.0,"BANGALORE, IN",12.9666666,77.5833333,921.0,23.277777777777782,26.611111111111114,21.0,0.254,23.277777777777782
2024-07-24,43295099999.0,"BANGALORE, IN",12.9666666,77.5833333,921.0,21.999999999999996,26.999999999999996,20.222222222222225,1.016,21.999999999999996
2024-07-25,43295099999.0,"BANGALORE, IN",12.9666666,77.5833333,921.0,22.444444444444446,25.611111111111107,20.222222222222225,4.064,22.444444444444446
2024-07-26,43295099999.0,"BANGALORE, IN",12.9666666,77.5833333,921.0,23.000000000000004,26.0,20.777777777777782,0.508,23.000000000000004
2024-07-27,43295099999.0,"BANGALORE, IN",12.9666666,77.5833333,921.0,23.666666666666664,27.38888888888889,20.38888888888889,2.032,23.666666666666664
2024-07-28,43295099999.0,"BANGALORE, IN",12.9666666,77.5833333,921.0,22.83333333333333,28.277777777777782,21.22222222222222,0.0,22.83333333333333
2024-07-29,43295099999.0,"BANGALORE, IN",12.9666666,77.5833333,921.0,24.0,27.61111111111111,21.0,0.0,24.0
2024-07-30,43295099999.0,"BANGALORE, IN",12.9666666,77.5833333,921.0,22.11111111111111,28.111111111111107,21.0,1.016,22.11111111111111
2024-07-31,43295099999.0,"BANGALORE, IN",12.9666666,77.5833333,921.0,22.77777777777778,26.27777777777778,20.222222222222225,6.095999999999999,22.77777777777778
2024-08-01,43295099999.0,"BANGALORE, IN",12.9666666,77.5833333,921.0,22.944444444444443,27.22222222222222,20.0,27.94,22.944444444444443
2024-08-02,43295099999.0,"BANGALORE, IN",12.9666666,77.5833333,921.0,23.166666666666668,26.999999999999996,20.611111111111107,3.0479999999999996,23.166666666666668
2024-08-03,43295099999.0,"BANGALORE, IN",12.9666666,77.5833333,921.0,23.055555555555557,27.5,20.222222222222225,0.0,23.055555555555557
2024-08-04,43295099999.0,"BANGALORE, IN",12.9666666,77.5833333,921.0,24.055555555555557,27.38888888888889,20.38888888888889,0.0,24.055555555555557
2024-08-05,43295099999.0,"BANGALORE, IN",12.9666666,77.5833333,921.0,23.61111111111111,28.77777777777778,21.0,3.0479999999999996,23.61111111111111
2024-08-06,43295099999.0,"BANGALORE, IN",12.9666666,77.5833333,921.0,22.38888888888889,29.38888888888889,20.38888888888889,39.878,22.38888888888889
2024-08-07,43295099999.0,"BANGALORE, IN",12.9666666,77.5833333,921.0,22.722222222222225,29.22222222222222,20.27777777777778,1.778,22.722222222222225
2024-08-08,43295099999.0,"BANGALORE, IN",12.9666666,77.5833333,921.0,23.444444444444443,26.22222222222222,20.777777777777782,6.095999999999999,23.444444444444443
2024-08-09,43295099999.0,"BANGALORE, IN",12.9666666,77.5833333,921.0,24.333333333333332,27.38888888888889,20.500000000000004,0.0,24.333333333333332
2024-08-10,43295099999.0,"BANGALORE, IN",12.9666666,77.5833333,921.0,23.77777777777778,29.22222222222222,21.0,4.064,23.77777777777778
2024-08-11,43295099999.0,"BANGALORE, IN",12.9666666,77.5833333,921.0,25.72222222222222,29.77777777777778,21.38888888888889,0.508,25.72222222222222
2024-08-12,43295099999.0,"BANGALORE, IN",12.9666666,77.5833333,921.0,,,,,25.86111111111111
2024-08-13,43295099999.0,"BANGALORE, IN",12.9666666,77.5833333,921.0,26.0,29.5,22.38888888888889,0.7619999999999999,26.0
2024-08-14,43295099999.0,"BANGALORE, IN",12.9666666,77.5833333,921.0,26.38888888888889,31.0,23.000000000000004,0.0,26.38888888888889
2024-08-15,43295099999.0,"BANGALORE, IN",12.9666666,77.5833333,921.0,25.888888888888886,31.0,22.5,0.0,25.888888888888886
2024-08-16,43295099999.0,"BANGALORE, IN",12.9666666,77.5833333,921.0,25.33333333333333,30.38888888888889,23.61111111111111,12.953999999999999,25.33333333333333
2024-08-17,43295099999.0,"BANGALORE, IN",12.9666666,77.5833333,921.0,25.833333333333332,30.72222222222222,22.38888888888889,,25.833333333333332
2024-08-18,43295099999.0,"BANGALORE, IN",12.9666666,77.5833333,921.0,24.444444444444443,30.77777777777778,22.38888888888889,0.508,24.444444444444443
2024-08-19,43295099999.0,"BANGALORE, IN",12.9666666,77.5833333,921.0,24.61111111111111,29.77777777777778,21.999999999999996,4.064,24.61111111111111
2024-08-20,43295099999.0,"BANGALORE, IN",12.9666666,77.5833333,921.0,24.555555555555557,30.72222222222222,21.77777777777778,12.953999999999999,24.555555555555557
2024-08-21,43295099999.0,"BANGALORE, IN",12.9666666,77.5833333,921.0,23.944444444444443,29.22222222222222,21.38888888888889,0.254,23.944444444444443
2024-08-22,43295099999.0,"BANGALORE, IN",12.9666666,77.5833333,921.0,24.61111111111111,28.77777777777778,20.222222222222225,,24.61111111111111
2024-08-23,43295099999.0,"BANGALORE, IN",12.9666666,77.5833333,921.0,25.055555555555554,28.388888888888886,21.27777777777778,,25.055555555555554
2024-08-24,43295099999.0,"BANGALORE, IN",12.9666666,77.5833333,921.0,24.166666666666668,29.0,21.0,,24.166666666666668
2024-08-25,43295099999.0,"BANGALORE, IN",12.9666666,77.5833333,921.0,23.388888888888886,28.61111111111111,20.777777777777782,,23.388888888888886
2024-08-26,43295099999.0,"BANGALORE, IN",12.9666666,77.5833333,921.0,24.055555555555557,28.77777777777778,20.72222222222222,,24.055555555555557
2024-08-27,43295099999.0,"BANGALORE, IN",12.9666666,77.5833333,921.0,23.944444444444443,28.72222222222222,20.888888888888886,,23.944444444444443
2024-08-28,43295099999.0,"BANGALORE, IN",12.9666666,77.5833333,921.0,23.444444444444443,28.111111111111107,20.500000000000004,0.0,23.444444444444443
2024-08-29,43295099999.0,"BANGALORE, IN",12.9666666,77.5833333,921.0,22.055555555555557,26.5,20.38888888888889,0.0,22.055555555555557
2024-08-30,43295099999.0,"BANGALORE, IN",12.9666666,77.5833333,921.0,22.5,26.0,20.222222222222225,26.924,22.5
2024-08-31,43295099999.0,"BANGALORE, IN",12.9666666,77.5833333,921.0,22.88888888888889,26.999999999999996,20.0,7.112,22.88888888888889
2024-09-01,43295099999.0,"BANGALORE, IN",12.9666666,77.5833333,921.0,23.88888888888889,28.000000000000004,20.777777777777782,0.0,23.88888888888889
2024-09-02,43295099999.0,"BANGALORE, IN",12.9666666,77.5833333,921.0,23.88888888888889,29.22222222222222,21.22222222222222,0.0,23.88888888888889
2024-09-03,43295099999.0,"BANGALORE, IN",12.9666666,77.5833333,921.0,23.77777777777778,28.277777777777782,21.22222222222222,0.0,23.77777777777778
2024-09-04,43295099999.0,"BANGALORE, IN",12.9666666,77.5833333,921.0,23.88888888888889,28.000000000000004,20.777777777777782,0.0,23.88888888888889
2024-09-05,43295099999.0,"BANGALORE, IN",12.9666666,77.5833333,921.0,24.499999999999996,28.61111111111111,21.0,,24.499999999999996
2024-09-06,43295099999.0,"BANGALORE, IN",12.9666666,77.5833333,921.0,23.77777777777778,29.77777777777778,21.22222222222222,,23.77777777777778
2024-09-07,43295099999.0,"BANGALORE, IN",12.9666666,77.5833333,921.0,23.77777777777778,28.000000000000004,21.22222222222222,,23.77777777777778
2024-09-08,43295099999.0,"BANGALORE, IN",12.9666666,77.5833333,921.0,23.555555555555557,29.0,21.0,,23.555555555555557
2024-09-09,43295099999.0,"BANGALORE, IN",12.9666666,77.5833333,921.0,23.944444444444443,29.61111111111111,20.888888888888886,0.0,23.944444444444443
2024-09-10,43295099999.0,"BANGALORE, IN",12.9666666,77.5833333,921.0,23.444444444444443,29.61111111111111,20.777777777777782,0.0,23.444444444444443
2024-09-11,43295099999.0,"BANGALORE, IN",12.9666666,77.5833333,921.0,23.833333333333336,29.27777777777778,20.222222222222225,2.032,23.833333333333336
2024-09-12,43295099999.0,"BANGALORE, IN",12.9666666,77.5833333,921.0,24.444444444444443,29.22222222222222,20.500000000000004,0.0,24.444444444444443
2024-09-13,43295099999.0,"BANGALORE, IN",12.9666666,77.5833333,921.0,24.388888888888893,29.11111111111111,20.38888888888889,0.0,24.388888888888893
2024-09-14,43295099999.0,"BANGALORE, IN",12.9666666,77.5833333,921.0,24.833333333333332,29.77777777777778,21.0,,24.833333333333332
2024-09-15,43295099999.0,"BANGALORE, IN",12.9666666,77.5833333,921.0,24.61111111111111,29.77777777777778,20.611111111111107,,24.61111111111111
2024-09-16,43295099999.0,"BANGALORE, IN",12.9666666,77.5833333,921.0,24.944444444444446,31.22222222222222,19.777777777777775,,24.944444444444446
2024-09-17,43295099999.0,"BANGALORE, IN",12.9666666,77.5833333,921.0,25.27777777777778,30.0,20.27777777777778,,25.27777777777778
2024-09-18,43295099999.0,"BANGALORE, IN",12.9666666,77.5833333,921.0,24.944444444444446,31.11111111111111,19.388888888888893,,24.944444444444446
2024-09-19,43295099999.0,"BANGALORE, IN",12.9666666,77.5833333,921.0,25.166666666666668,31.27777777777778,20.38888888888889,,25.166666666666668
2024-09-20,43295099999.0,"BANGALORE, IN",12.9666666,77.5833333,921.0,25.611111111111107,31.11111111111111,20.777777777777782,2.032,25.611111111111107
2024-09-21,43295099999.0,"BANGALORE, IN",12.9666666,77.5833333,921.0,24.555555555555557,31.61111111111111,21.0,0.0,24.555555555555557
2024-09-22,43295099999.0,"BANGALORE, IN",12.9666666,77.5833333,921.0,24.0,31.11111111111111,20.11111111111111,2.032,24.0
2024-09-23,43295099999.0,"BANGALORE, IN",12.9666666,77.5833333,921.0,24.222222222222218,28.5,21.22222222222222,0.508,24.222222222222218
2024-09-24,43295099999.0,"BANGALORE, IN",12.9666666,77.5833333,921.0,24.333333333333332,29.27777777777778,21.611111111111114,2.2859999999999996,24.333333333333332
2024-09-25,43295099999.0,"BANGALORE, IN",12.9666666,77.5833333,921.0,23.833333333333336,28.72222222222222,21.5,0.0,23.833333333333336
2024-09-26,43295099999.0,"BANGALORE, IN",12.9666666,77.5833333,921.0,24.055555555555557,28.111111111111107,20.888888888888886,,24.055555555555557
2024-09-27,43295099999.0,"BANGALORE, IN",12.9666666,77.5833333,921.0,24.444444444444443,28.5,20.888888888888886,,24.444444444444443
2024-09-28,43295099999.0,"BANGALORE, IN",12.9666666,77.5833333,921.0,24.444444444444443,28.5,20.777777777777782,0.0,24.444444444444443
2024-09-29,43295099999.0,"BANGALORE, IN",12.9666666,77.5833333,921.0,25.611111111111107,30.0,20.500000000000004,14.985999999999999,25.611111111111107
2024-09-30,43295099999.0,"BANGALORE, IN",12.9666666,77.5833333,921.0,26.11111111111111,30.77777777777778,21.999999999999996,0.0,26.11111111111111
2024-10-01,43295099999.0,"BANGALORE, IN",12.9666666,77.5833333,921.0,26.666666666666668,31.38888888888889,21.999999999999996,,26.666666666666668
2024-10-02,43295099999.0,"BANGALORE, IN",12.9666666,77.5833333,921.0,25.72222222222222,32.0,20.38888888888889,0.508,25.72222222222222
2024-10-03,43295099999.0,"BANGALORE, IN",12.9666666,77.5833333,921.0,22.77777777777778,32.77777777777778,19.777777777777775,21.081999999999997,22.77777777777778
2024-10-04,43295099999.0,"BANGALORE, IN",12.9666666,77.5833333,921.0,24.333333333333332,29.0,21.22222222222222,7.874,24.333333333333332
2024-10-05,43295099999.0,"BANGALORE, IN",12.9666666,77.5833333,921.0,23.055555555555557,29.38888888888889,20.222222222222225,0.0,23.055555555555557
2024-10-06,43295099999.0,"BANGALORE, IN",12.9666666,77.5833333,921.0,24.27777777777778,28.5,20.38888888888889,24.892,24.27777777777778
2024-10-07,43295099999.0,"BANGALORE, IN",12.9666666,77.5833333,921.0,24.499999999999996,29.38888888888889,21.77777777777778,0.0,24.499999999999996
2024-10-08,43295099999.0,"BANGALORE, IN",12.9666666,77.5833333,921.0,25.11111111111111,29.38888888888889,21.5,0.508,25.11111111111111
2024-10-09,43295099999.0,"BANGALORE, IN",12.9666666,77.5833333,921.0,25.33333333333333,29.61111111111111,21.38888888888889,0.0,25.33333333333333
2024-10-10,43295099999.0,"BANGALORE, IN",12.9666666,77.5833333,921.0,25.0,29.27777777777778,21.611111111111114,0.0,25.0
2024-10-11,43295099999.0,"BANGALORE, IN",12.9666666,77.5833333,921.0,24.555555555555557,28.77777777777778,21.22222222222222,3.0479999999999996,24.555555555555557
2024-10-12,43295099999.0,"BANGALORE, IN",12.9666666,77.5833333,921.0,24.055555555555557,29.0,20.888888888888886,0.254,24.055555555555557
2024-10-13,43295099999.0,"BANGALORE, IN",12.9666666,77.5833333,921.0,23.666666666666664,29.11111111111111,21.22222222222222,4.064,23.666666666666664
2024-10-14,43295099999.0,"BANGALORE, IN",12.9666666,77.5833333,921.0,22.11111111111111,27.38888888888889,20.38888888888889,3.302,22.11111111111111
2024-10-15,43295099999.0,"BANGALORE, IN",12.9666666,77.5833333,921.0,20.72222222222222,25.38888888888889,20.0,16.002,20.72222222222222
2024-10-16,43295099999.0,"BANGALORE, IN",12.9666666,77.5833333,921.0,21.055555555555557,21.888888888888893,19.61111111111111,66.03999999999999,21.055555555555557
2024-10-17,43295099999.0,"BANGALORE, IN",12.9666666,77.5833333,921.0,23.22222222222222,26.22222222222222,19.388888888888893,5.334,23.22222222222222
2024-10-18,43295099999.0,"BANGALORE, IN",12.9666666,77.5833333,921.0,24.27777777777778,28.22222222222222,20.222222222222225,0.0,24.27777777777778
2024-10-19,43295099999.0,"BANGALORE, IN",12.9666666,77.5833333,921.0,22.38888888888889,28.388888888888886,21.38888888888889,0.7619999999999999,22.38888888888889
2024-10-20,43295099999.0,"BANGALORE, IN",12.9666666,77.5833333,921.0,23.77777777777778,28.000000000000004,20.888888888888886,20.32,23.77777777777778
2024-10-21,43295099999.0,"BANGALORE, IN",12.9666666,77.5833333,921.0,23.5,29.22222222222222,20.72222222222222,61.97599999999999,23.5
2024-10-22,43295099999.0,"BANGALORE, IN",12.9666666,77.5833333,921.0,23.5,28.388888888888886,19.777777777777775,17.018,23.5
2024-10-23,43295099999.0,"BANGALORE, IN",12.9666666,77.5833333,921.0,23.166666666666668,29.0,20.611111111111107,23.622,23.166666666666668
2024-10-24,43295099999.0,"BANGALORE, IN",12.9666666,77.5833333,921.0,22.5,30.0,19.88888888888889,13.97,22.5
2024-10-25,43295099999.0,"BANGALORE, IN",12.9666666,77.5833333,921.0,23.77777777777778,27.61111111111111,20.500000000000004,0.0,23.77777777777778
2024-10-26,43295099999.0,"BANGALORE, IN",12.9666666,77.5833333,921.0,23.88888888888889,28.388888888888886,20.222222222222225,,23.88888888888889
2024-10-27,43295099999.0,"BANGALORE, IN",12.9666666,77.5833333,921.0,23.277777777777782,29.61111111111111,19.388888888888893,,23.277777777777782
2024-10-28,43295099999.0,"BANGALORE, IN",12.9666666,77.5833333,921.0,24.72222222222222,29.38888888888889,20.27777777777778,,24.72222222222222
2024-10-29,43295099999.0,"BANGALORE, IN",12.9666666,77.5833333,921.0,25.38888888888889,30.5,20.777777777777782,,25.38888888888889
2024-10-30,43295099999.0,"BANGALORE, IN",12.9666666,77.5833333,921.0,24.111111111111114,30.0,21.5,0.508,24.111111111111114
2024-10-31,43295099999.0,"BANGALORE, IN",12.9666666,77.5833333,921.0,23.88888888888889,27.61111111111111,21.11111111111111,3.8099999999999996,23.88888888888889
2024-11-01,43295099999.0,"BANGALORE, IN",12.9666666,77.5833333,921.0,24.333333333333332,28.61111111111111,21.27777777777778,0.0,24.333333333333332
2024-11-02,43295099999.0,"BANGALORE, IN",12.9666666,77.5833333,921.0,24.88888888888889,29.72222222222222,21.0,0.254,24.88888888888889
2024-11-03,43295099999.0,"BANGALORE, IN",12.9666666,77.5833333,921.0,24.777777777777775,29.38888888888889,20.38888888888889,1.016,24.777777777777775
2024-11-04,43295099999.0,"BANGALORE, IN",12.9666666,77.5833333,921.0,23.555555555555557,29.22222222222222,20.888888888888886,0.0,23.555555555555557
2024-11-05,43295099999.0,"BANGALORE, IN",12.9666666,77.5833333,921.0,23.166666666666668,29.27777777777778,19.27777777777778,0.7619999999999999,23.166666666666668
2024-11-06,43295099999.0,"BANGALORE, IN",12.9666666,77.5833333,921.0,24.27777777777778,28.72222222222222,18.61111111111111,0.0,24.27777777777778
2024-11-07,43295099999.0,"BANGALORE, IN",12.9666666,77.5833333,921.0,23.444444444444443,29.22222222222222,20.38888888888889,,23.444444444444443
2024-11-08,43295099999.0,"BANGALORE, IN",12.9666666,77.5833333,921.0,24.66666666666667,29.61111111111111,19.222222222222218,,24.66666666666667
2024-11-09,43295099999.0,"BANGALORE, IN",12.9666666,77.5833333,921.0,24.388888888888893,30.0,19.72222222222222,,24.388888888888893
2024-11-10,43295099999.0,"BANGALORE, IN",12.9666666,77.5833333,921.0,24.27777777777778,29.22222222222222,19.388888888888893,,24.27777777777778
2024-11-11,43295099999.0,"BANGALORE, IN",12.9666666,77.5833333,921.0,24.222222222222218,29.22222222222222,20.27777777777778,,24.222222222222218
2024-11-12,43295099999.0,"BANGALORE, IN",12.9666666,77.5833333,921.0,23.166666666666668,28.77777777777778,21.611111111111114,0.0,23.166666666666668
2024-11-13,43295099999.0,"BANGALORE, IN",12.9666666,77.5833333,921.0,23.5,26.0,20.611111111111107,0.7619999999999999,23.5
2024-11-14,43295099999.0,"BANGALORE, IN",12.9666666,77.5833333,921.0,22.333333333333332,27.38888888888889,21.22222222222222,0.0,22.333333333333332
2024-11-15,43295099999.0,"BANGALORE, IN",12.9666666,77.5833333,921.0,22.5,25.0,20.38888888888889,4.064,22.5
2024-11-16,43295099999.0,"BANGALORE, IN",12.9666666,77.5833333,921.0,23.333333333333332,28.77777777777778,20.38888888888889,10.921999999999999,23.333333333333332
2024-11-17,43295099999.0,"BANGALORE, IN",12.9666666,77.5833333,921.0,23.77777777777778,27.77777777777778,20.27777777777778,3.0479999999999996,23.77777777777778
2024-11-18,43295099999.0,"BANGALORE, IN",12.9666666,77.5833333,921.0,,,,,23.644444444444446
2024-11-19,43295099999.0,"BANGALORE, IN",12.9666666,77.5833333,921.0,,,,,23.51111111111111
2024-11-20,43295099999.0,"BANGALORE, IN",12.9666666,77.5833333,921.0,,,,,23.377777777777776
2024-11-21,43295099999.0,"BANGALORE, IN",12.9666666,77.5833333,921.0,,,,,23.24444444444444
2024-11-22,43295099999.0,"BANGALORE, IN",12.9666666,77.5833333,921.0,23.111111111111107,28.61111111111111,17.38888888888889,,23.111111111111107
2024-11-23,43295099999.0,"BANGALORE, IN",12.9666666,77.5833333,921.0,23.055555555555557,28.000000000000004,19.222222222222218,,23.055555555555557
2024-11-24,43295099999.0,"BANGALORE, IN",12.9666666,77.5833333,921.0,23.22222222222222,28.277777777777782,18.77777777777778,,23.22222222222222
2024-11-25,43295099999.0,"BANGALORE, IN",12.9666666,77.5833333,921.0,22.722222222222225,28.388888888888886,18.5,,22.722222222222225
2024-11-26,43295099999.0,"BANGALORE, IN",12.9666666,77.5833333,921.0,21.11111111111111,27.61111111111111,18.388888888888886,0.0,21.11111111111111
2024-11-27,43295099999.0,"BANGALORE, IN",12.9666666,77.5833333,921.0,21.22222222222222,24.388888888888893,18.111111111111107,0.508,21.22222222222222
2024-11-28,43295099999.0,"BANGALORE, IN",12.9666666,77.5833333,921.0,21.833333333333332,26.77777777777778,17.27777777777778,0.0,21.833333333333332
2024-11-29,43295099999.0,"BANGALORE, IN",12.9666666,77.5833333,921.0,22.61111111111111,27.5,18.277777777777782,,22.61111111111111
2024-11-30,43295099999.0,"BANGALORE, IN",12.9666666,77.5833333,921.0,21.333333333333336,27.5,20.222222222222225,0.0,21.333333333333336
2024-12-01,43295099999.0,"BANGALORE, IN",12.9666666,77.5833333,921.0,,,,,21.305555555555557
2024-12-02,43295099999.0,"BANGALORE, IN",12.9666666,77.5833333,921.0,21.27777777777778,22.38888888888889,20.222222222222225,18.796,21.27777777777778
2024-12-03,43295099999.0,"BANGALORE, IN",12.9666666,77.5833333,921.0,22.055555555555557,23.000000000000004,20.27777777777778,39.878,22.055555555555557
2024-12-04,43295099999.0,"BANGALORE, IN",12.9666666,77.5833333,921.0,23.000000000000004,25.611111111111107,19.222222222222218,21.081999999999997,23.000000000000004
2024-12-05,43295099999.0,"BANGALORE, IN",12.9666666,77.5833333,921.0,23.22222222222222,27.38888888888889,20.222222222222225,2.54,23.22222222222222
2024-12-06,43295099999.0,"BANGALORE, IN",12.9666666,77.5833333,921.0,24.333333333333332,28.61111111111111,20.27777777777778,2.032,24.333333333333332
2024-12-07,43295099999.0,"BANGALORE, IN",12.9666666,77.5833333,921.0,24.222222222222218,28.72222222222222,20.222222222222225,0.0,24.222222222222218
2024-12-08,43295099999.0,"BANGALORE, IN",12.9666666,77.5833333,921.0,24.055555555555557,29.61111111111111,19.27777777777778,,24.055555555555557
2024-12-09,43295099999.0,"BANGALORE, IN",12.9666666,77.5833333,921.0,23.72222222222222,29.77777777777778,18.88888888888889,,23.72222222222222
2024-12-10,43295099999.0,"BANGALORE, IN",12.9666666,77.5833333,921.0,23.77777777777778,28.77777777777778,19.0,,23.77777777777778
2024-12-11,43295099999.0,"BANGALORE, IN",12.9666666,77.5833333,921.0,22.83333333333333,28.77777777777778,19.222222222222218,,22.83333333333333
2024-12-12,43295099999.0,"BANGALORE, IN",12.9666666,77.5833333,921.0,21.0,25.888888888888886,19.88888888888889,0.0,21.0
2024-12-13,43295099999.0,"BANGALORE, IN",12.9666666,77.5833333,921.0,21.27777777777778,22.77777777777778,19.777777777777775,5.08,21.27777777777778
2024-12-14,43295099999.0,"BANGALORE, IN",12.9666666,77.5833333,921.0,21.944444444444443,26.0,18.77777777777778,0.508,21.944444444444443
2024-12-15,43295099999.0,"BANGALORE, IN",12.9666666,77.5833333,921.0,21.166666666666664,26.611111111111114,16.61111111111111,0.0,21.166666666666664
2024-12-16,43295099999.0,"BANGALORE, IN",12.9666666,77.5833333,921.0,21.055555555555557,26.999999999999996,15.5,,21.055555555555557
2024-12-17,43295099999.0,"BANGALORE, IN",12.9666666,77.5833333,921.0,22.277777777777775,27.77777777777778,15.5,,22.277777777777775
2024-12-18,43295099999.0,"BANGALORE, IN",12.9666666,77.5833333,921.0,22.22222222222222,28.277777777777782,18.388888888888886,0.0,22.22222222222222
2024-12-19,43295099999.0,"BANGALORE, IN",12.9666666,77.5833333,921.0,23.555555555555557,26.27777777777778,19.388888888888893,0.0,23.555555555555557
2024-12-20,43295099999.0,"BANGALORE, IN",12.9666666,77.5833333,921.0,22.88888888888889,27.5,20.0,,22.88888888888889
2024-12-21,43295099999.0,"BANGALORE, IN",12.9666666,77.5833333,921.0,24.388888888888893,29.22222222222222,19.27777777777778,,24.388888888888893
2024-12-22,43295099999.0,"BANGALORE, IN",12.9666666,77.5833333,921.0,23.388888888888886,29.72222222222222,19.777777777777775,,23.388888888888886
2024-12-23,43295099999.0,"BANGALORE, IN",12.9666666,77.5833333,921.0,23.111111111111107,27.77777777777778,19.388888888888893,,23.111111111111107
2024-12-24,43295099999.0,"BANGALORE, IN",12.9666666,77.5833333,921.0,22.77777777777778,27.22222222222222,17.11111111111111,,22.77777777777778
2024-12-25,43295099999.0,"BANGALORE, IN",12.9666666,77.5833333,921.0,22.333333333333332,27.88888888888889,18.388888888888886,,22.333333333333332
2024-12-26,43295099999.0,"BANGALORE, IN",12.9666666,77.5833333,921.0,21.77777777777778,26.38888888888889,20.222222222222225,1.016,21.77777777777778
2024-12-27,43295099999.0,"BANGALORE, IN",12.9666666,77.5833333,921.0,21.27777777777778,24.72222222222222,19.27777777777778,1.016,21.27777777777778
2024-12-28,43295099999.0,"BANGALORE, IN",12.9666666,77.5833333,921.0,22.055555555555557,26.22222222222222,17.88888888888889,,22.055555555555557
2024-12-29,43295099999.0,"BANGALORE, IN",12.9666666,77.5833333,921.0,22.444444444444446,27.38888888888889,17.38888888888889,,22.444444444444446
2024-12-30,43295099999.0,"BANGALORE, IN",12.9666666,77.5833333,921.0,21.888888888888893,28.22222222222222,17.77777777777778,,21.888888888888893
2024-12-31,43295099999.0,"BANGALORE, IN",12.9666666,77.5833333,921.0,23.055555555555557,28.61111111111111,16.61111111111111,,23.055555555555557
